rating_stars,comment_text,review_date,product_id,customer_id,cluster_id,cluster_name,processing_status,processor_id,updated_at,id
5,"*** NHA. UỐNG KINH. TRả lại thì tiki yêu cầu khách hàng chứng minh là hàng nhái. Kiểu này lấy sp cacao đến cục đo lường chất lượng làm kiểm tra xong gửi cho tiki. May ra họ trả hàng. TIKI CAM KẾT HÀNG CHÍNH HÃNG, *** CẢ THÔI.",2026-04-24 08:50:24,1,1,,,ProcessingStatus.PENDING,,,1
2,"Đã nhận được hàng, nhân viên đào hàng nhiệt tình,vui vẻ. Hàng có mùi hôi không có vị thơm đặc trưng của cả cao.Cửa hàng lên xem lại hàng trước khi dạo cho khách",2024-08-16 13:59:38,1,2,,,ProcessingStatus.PENDING,,,2
5,"Tặng bạn đến 5 triệu đồng khi mời bạn mới thành công
Trở thành Đại sứ Octo ngay hôm nay và nhận đến 5 triệu đồng khi giới thiệu bạn mới đăng ký Tài khoản thanh toán, Thẻ ghi nợ CIMB Visa Debit hoặc Thẻ trả trước định danh CIMB Visa OctoFast

Thời gian khuyến mãi
Từ ngày 01/07/2024 đến ngày 31/12/2024 hoặc đến khi hết ngân sách cho Chương trình, tùy điều kiện nào đến trước.

Sản phẩm áp dụng
Tài khoản thanh toán (Spend Account), Thẻ ghi nợ CIMB Visa Debit (Thẻ CIMB Visa Debit) và Thẻ Trả trước định danh CIMB OctoFast (Thẻ CIMB Visa OctoFast) trên kênh Ngân hàng số OCTO by CIMB. Không áp dụng đối với sản phẩm đăng ký qua kênh đối tác.

Tài khoản thanh toán (Spend Account), Thẻ ghi nợ CIMB Visa Debit (Thẻ CIMB Visa Debit) và Thẻ Trả trước định danh CIMB OctoFast (Thẻ CIMB Visa OctoFast) trên kênh Ngân hàng số OCTO by CIMB. Không áp dụng đối với sản phẩm đăng ký qua kênh đối tác.

Đối tượng áp dụng
Đối với Người giới thiệu: Là Khách hàng cá nhân hiện hữu là chủ Tài khoản Spend Account, Thẻ CIMB Visa Debit, Thẻ CIMB Visa Octofast hoặc thẻ Tín dụng CIMB.
Đối với Người được giới thiệu: Người được giới thiệu phải là khách hàng mới, chưa sử dụng bất kỳ sản phẩm nào tại CIMB. Không áp dụng đối với khách hàng đăng ký tài khoản và Thẻ qua kênh đối tác.
Cách thức Chia sẻ Mã giới thiệu
Bước 1
Đăng nhập ứng dụng Octo

Bước 2
Chọn “Thiết lập” ở góc dưới bên phải màn hình

Bước 3
Chọn “Giới thiệu bạn” và Chia sẻ Mã giới thiệu của mình đến người thân, bạn bè

Thể lệ chương trình
Trả thưởng bằng tiền mặt vào tài khoản thanh toán (Spend Account) của Người Giới Thiệu và Người Được Giới Thiệu như sau:

 

a) Đối với sản phẩm Tài khoản thanh toán

Dành cho Người giới thiệu:
Tặng 50.000VNĐ cho mỗi lượt giới thiệu thành công khách hàng mới mở Tài khoản thanh toán (Spend Account) và Người được giới thiệu thực hiện ít nhất một giao dịch thành công và có tổng giá trị giao dịch từ 30.000 VNĐ (không áp dụng với giao dịch rút, chuyển tiền) trên Tài khoản thanh toán/Thẻ CIMB Visa Debit mới mở trong vòng 30 ngày kể từ ngày mở tài khoản
Dành cho Người được giới thiệu:

Tặng 50.000 VNĐ khi khách hàng kích hoạt Tài khoản thanh toán và có ít nhất một giao dịch thành công và có tổng giá trị giao dịch từ 30.000 VNĐ (không áp dụng với giao dịch rút, chuyển tiền) trên tài khoản trong 30 ngày kể từ ngày mở tài khoản.
 

b) Đối với sản phẩm Thẻ Trả trước định danh CIMB OctoFast

Dành cho Người giới thiệu:
Tặng 30.000VNĐ cho mỗi lượt giới thiệu thành công (*) khách hàng mới mở Thẻ CIMB Visa OctoFast và Người được giới thiệu thực hiện ít nhất một giao dịch thành công và có tổng giá trị giao dịch từ 30.000 VNĐ trên Thẻ CIMB Visa OctoFast mới mở trong vòng 30 ngày kể từ ngày kích hoạt thẻ;
Dành cho Người được giới thiệu:

Tặng 30.000VNĐ khi khách hàng kích hoạt Thẻ CIMB Visa OctoFast và có ít nhất một giao dịch thành công và có tổng giá trị giao dịch từ 30.000 VNĐ trên thẻ trong 30 ngày kể từ ngày kích hoạt Thẻ.
 

c) Tặng thưởng thêm trên số lượng giới thiệu thành công

Tặng thêm 1*** VND cho mỗi mốc đạt đủ số lượt giới thiệu thành công khách hàng mới mở Tài khoản thanh toán và/hoặc Thẻ OctoFast là bội số 10 (ví dụ 10 lượt, 20 lượt, 30 lượt, 40 lượt...) và Người được giới thiệu thỏa điều kiện giao dịch theo chương trình.
 

(*) Lượt giới thiệu thành công
Một lượt giới thiệu mở thẻ được xem là thành công khi:

Người được giới thiệu nhập mã giới thiệu hợp lệ của Người giới thiệu trong khi thực hiện quy trình mở Tài khoản thanh toán/Thẻ CIMB Visa Debit hoặc Thẻ Visa OctoFast;
Người được giới thiệu đăng ký mở tài khoản qua ứng dụng Octo by CIMB và mở Tài khoản thanh toán/Thẻ CIMB Visa Debit / thẻ Visa Octofast thành công và đáp ứng thể lệ của chương trình;
Mã giới thiệu hợp lệ là dãy ký tự được gán mặc định cho từng khách hàng trong mục “Giới thiệu bạn” trên ứng dụng Octo by CIMB và được hệ thống của CIMB chấp nhận;
Người được giới thiệu phải là khách hàng mới, chưa sử dụng bất kỳ sản phẩm nào tại CIMB. Không áp dụng đối với khách hàng đăng ký tài khoản và Thẻ qua kênh đối tác.
Mỗi Người giới thiệu đáp ứng đầy đủ điều khoản và điều kiện của Chương trình sẽ được nhận thưởng theo quy định với tổng mức thưởng tối đa không vượt quá 5.***VNĐ/Người giới thiệu.
Điều khoản & Điều kiện chương trình nhập mã giới thiệu2424Z6u2 để hưởng trọn vẹn tất cả các ưu đãi",2024-07-22 21:08:46,3,7,,,ProcessingStatus.PENDING,,,3
5,"mình mua hàng ở đây lâu rồi, dành để cho bà xã nhóm nha nhóp nhép. Hôm nay bất ngờ khi khui hàng, có quà tặng là xoài sấy dẻo, rất cảm động, tanh kiu shop nhaaa",2025-09-08 23:42:55,3,8,,,ProcessingStatus.PENDING,,,4
1,Giao sai sản phẩm. Gói hàng vậy mà 500g àh. *** vừa thôi chứ,2023-09-12 13:35:32,3,9,,,ProcessingStatus.PENDING,,,5
5,Ok,2024-03-10 10:42:09,3,10,,,ProcessingStatus.PENDING,,,6
4,Vị cơm hơi nhạt.,2023-06-15 21:44:22,3,11,,,ProcessingStatus.PENDING,,,7
5,"Ngon, giòn, thơm, chọn loại vụn để ăn cho rẻ nên rất phù hợp",2024-12-11 17:23:48,4,12,,,ProcessingStatus.PENDING,,,8
4,"Sp tot hop khau vi , it man , giao hang nhanh , hang giao dung mau da mo ta trong hinh .",2025-01-04 04:48:42,4,13,,,ProcessingStatus.PENDING,,,9
4,"Sp chat luong tot , hang giao dung mau hang da mo ta , giao hang dung hen .",2024-12-28 19:04:30,4,13,,,ProcessingStatus.PENDING,,,10
4,"Hang chat luong tam duoc , gia tot.  dong goi ky ,, ok .",2024-09-18 04:43:44,4,13,,,ProcessingStatus.PENDING,,,11
1,"Hạt đen và mốc rất nhiều, ăn được mấy hột bỏ luôn.
Chán thiệt ...
Shop bán hàng k có tâm.",2022-09-11 15:08:49,4,14,,,ProcessingStatus.PENDING,,,12
5,Đóng gói cẩn thận giao hàng nhanh.. nhìn ok nhưng chưa ăn nên chưa bt sao ạ. Ngon sẽ ủng hộ shop,2022-11-08 10:13:39,5,16,,,ProcessingStatus.PENDING,,,13
5,Đậu phộng ngon,2026-06-16 17:35:29,7,19,,,ProcessingStatus.PENDING,,,14
3,"Ghi bao bì ít dầu mỡ mà luộc với nước xong cạn nước để lại lớp dầu nhiều hơn các loại khác. Vị cũng ok nhưng sẽ k mua lại do nhiều dầu quá ăn ngấy, ấn nhẹ một cái là dầu chảy ra quá nhiều",2021-10-21 02:01:51,6,22,,,ProcessingStatus.PENDING,,,15
5,Good,2021-10-23 15:17:56,6,23,,,ProcessingStatus.PENDING,,,16
3,Không ngon lắm ( ý kiến riêng),2023-09-14 14:51:27,6,24,,,ProcessingStatus.PENDING,,,17
3,"Giao hàng siêu tốc chưa đầy 24 tiếng ở xa 600km đã nhận. Hộp đẹp, sắp xếp hạt khéo léo 2 lớp là đầy mỗi hộp trông rất bắt mắt. Hạt to trà bá luôn. Giòn béo. Độ mặn vừa phải. Tiếc là lột vỏ hay bị vỡ nát không còn nguyên hột, tỉ lệ vở nát là 50/50. Điều đáng tiếc nữa là nắp hộp không có gai vặn kín, cũng không chụp lại cho kín được, chênh vênh. Nắp quá rộng hơn hộp nên khui ra phải ăn nhanh 500g cho hết hoặc trút ra cái bì khác cất kẻo hở gió dai nhách liền. Bất tiện và kém sang. Trừ 2 sao.",2022-11-17 16:12:46,8,25,,,ProcessingStatus.PENDING,,,18
1,"Công ty này đã *** lọc khách hàng một cách trắng trợn trong suốt thời gian qua. Một điều lạ là không một ai phàn nàn, vạch mặt chiêu trò *** bịp này. Mua 500g hạt điều, nhận được 300g !!! Trên hộp ghi rõ ràng là khối lượng tịnh 500g,  nhưng khi cân nguyên hộp thì chỉ nặng 503g.  Cân hộp không nặng 201g. Trả tiền cho 500g, nhận được 300g hạt điều và 200g cái hộp. Một mua không trở lại... không cho sao nào, nhưng đành phải bấm 1 sao  vì Tiki không cho gửi đánh giá .",2023-08-04 10:26:51,8,26,,,ProcessingStatus.PENDING,,,19
1,"80% hạt điều lép, mốc. Ăn được mấy hạt, còn lại bỏ gần hết. Buôn bán ***. Cạch sản phẩm Tân Lộc Phát",2025-12-27 22:19:08,8,27,,,ProcessingStatus.PENDING,,,20
3,Đóng hàng thiếu không đủ 1 kg mưa combo 2 hộp 500g mà mình cân đc 880g buồn mất lòng tin còn hạt thì nhìn chung to ngon xếp đẹp . mình định mua thêm những phải cân nhắc lại vì đóng thiếu thành ra quá đắt!,2023-01-03 19:40:10,8,28,,,ProcessingStatus.PENDING,,,21
1,Cực kỳ dở tệ bà con chú ý sản phẩm này nó bán vỏ hộp ăn tiền rao bán 500 g hạt điều mà cái vỏ hết 234 g rồi,2023-11-25 16:05:23,8,29,,,ProcessingStatus.PENDING,,,22
3,"Đậu còn hư, có hạt đắng, chưa hài lòng",2024-05-10 17:11:12,9,31,,,ProcessingStatus.PENDING,,,23
5,Ok,2024-07-21 07:30:07,9,10,,,ProcessingStatus.PENDING,,,24
5,"vừa mở ăn thử, giòn thơm vị vừa ăn, mình quá hài lòng luôn",2022-12-06 10:40:44,11,34,,,ProcessingStatus.PENDING,,,25
2,Giao không đúng hàng tôi đã chọn,2022-11-04 11:04:28,11,35,,,ProcessingStatus.PENDING,,,26
5,"Gạo ăn giòn, không dùng dầu mỡ nên ko bị ngấy. Rong biển được nêm vừa vặn, giao hàng nhanh, đóng gói rất cẩn thận. 5 sao cho shop.",2021-06-10 20:51:39,11,36,,,ProcessingStatus.PENDING,,,27
5,"trái đều, ăn ngọt",2025-01-15 14:51:47,12,38,,,ProcessingStatus.PENDING,,,28
1,Không 1 cuộc gọi mà tự động chuyển đơn hàng sang trạng thái hẹn giao trong khi khách đang cần gấp đặt giao now phí vận chuyển cao,2024-09-05 15:49:32,14,39,,,ProcessingStatus.PENDING,,,29
5,Rất đáng mua,2024-09-19 17:05:15,14,40,,,ProcessingStatus.PENDING,,,30
4,"Hạt giòn nhưng không thơm, đóng gói kỹ, chắc chắn",2024-02-15 13:19:40,14,42,,,ProcessingStatus.PENDING,,,31
5,"Tặng bạn đến 5 triệu đồng khi mời bạn mới thành công
Trở thành Đại sứ Octo ngay hôm nay và nhận đến 5 triệu đồng khi giới thiệu bạn mới đăng ký Tài khoản thanh toán, Thẻ ghi nợ CIMB Visa Debit hoặc Thẻ trả trước định danh CIMB Visa OctoFast

Thời gian khuyến mãi
Từ ngày 01/07/2024 đến ngày 31/12/2024 hoặc đến khi hết ngân sách cho Chương trình, tùy điều kiện nào đến trước.

Sản phẩm áp dụng
Tài khoản thanh toán (Spend Account), Thẻ ghi nợ CIMB Visa Debit (Thẻ CIMB Visa Debit) và Thẻ Trả trước định danh CIMB OctoFast (Thẻ CIMB Visa OctoFast) trên kênh Ngân hàng số OCTO by CIMB. Không áp dụng đối với sản phẩm đăng ký qua kênh đối tác.

Tài khoản thanh toán (Spend Account), Thẻ ghi nợ CIMB Visa Debit (Thẻ CIMB Visa Debit) và Thẻ Trả trước định danh CIMB OctoFast (Thẻ CIMB Visa OctoFast) trên kênh Ngân hàng số OCTO by CIMB. Không áp dụng đối với sản phẩm đăng ký qua kênh đối tác.

Đối tượng áp dụng
Đối với Người giới thiệu: Là Khách hàng cá nhân hiện hữu là chủ Tài khoản Spend Account, Thẻ CIMB Visa Debit, Thẻ CIMB Visa Octofast hoặc thẻ Tín dụng CIMB.
Đối với Người được giới thiệu: Người được giới thiệu phải là khách hàng mới, chưa sử dụng bất kỳ sản phẩm nào tại CIMB. Không áp dụng đối với khách hàng đăng ký tài khoản và Thẻ qua kênh đối tác.
Cách thức Chia sẻ Mã giới thiệu
Bước 1
Đăng nhập ứng dụng Octo

Bước 2
Chọn “Thiết lập” ở góc dưới bên phải màn hình

Bước 3
Chọn “Giới thiệu bạn” và Chia sẻ Mã giới thiệu của mình đến người thân, bạn bè

Thể lệ chương trình
Trả thưởng bằng tiền mặt vào tài khoản thanh toán (Spend Account) của Người Giới Thiệu và Người Được Giới Thiệu như sau:

 

a) Đối với sản phẩm Tài khoản thanh toán

Dành cho Người giới thiệu:
Tặng 50.000VNĐ cho mỗi lượt giới thiệu thành công khách hàng mới mở Tài khoản thanh toán (Spend Account) và Người được giới thiệu thực hiện ít nhất một giao dịch thành công và có tổng giá trị giao dịch từ 30.000 VNĐ (không áp dụng với giao dịch rút, chuyển tiền) trên Tài khoản thanh toán/Thẻ CIMB Visa Debit mới mở trong vòng 30 ngày kể từ ngày mở tài khoản
Dành cho Người được giới thiệu:

Tặng 50.000 VNĐ khi khách hàng kích hoạt Tài khoản thanh toán và có ít nhất một giao dịch thành công và có tổng giá trị giao dịch từ 30.000 VNĐ (không áp dụng với giao dịch rút, chuyển tiền) trên tài khoản trong 30 ngày kể từ ngày mở tài khoản.
 

b) Đối với sản phẩm Thẻ Trả trước định danh CIMB OctoFast

Dành cho Người giới thiệu:
Tặng 30.000VNĐ cho mỗi lượt giới thiệu thành công (*) khách hàng mới mở Thẻ CIMB Visa OctoFast và Người được giới thiệu thực hiện ít nhất một giao dịch thành công và có tổng giá trị giao dịch từ 30.000 VNĐ trên Thẻ CIMB Visa OctoFast mới mở trong vòng 30 ngày kể từ ngày kích hoạt thẻ;
Dành cho Người được giới thiệu:

Tặng 30.000VNĐ khi khách hàng kích hoạt Thẻ CIMB Visa OctoFast và có ít nhất một giao dịch thành công và có tổng giá trị giao dịch từ 30.000 VNĐ trên thẻ trong 30 ngày kể từ ngày kích hoạt Thẻ.
 

c) Tặng thưởng thêm trên số lượng giới thiệu thành công

Tặng thêm 1*** VND cho mỗi mốc đạt đủ số lượt giới thiệu thành công khách hàng mới mở Tài khoản thanh toán và/hoặc Thẻ OctoFast là bội số 10 (ví dụ 10 lượt, 20 lượt, 30 lượt, 40 lượt...) và Người được giới thiệu thỏa điều kiện giao dịch theo chương trình.
 

(*) Lượt giới thiệu thành công
Một lượt giới thiệu mở thẻ được xem là thành công khi:

Người được giới thiệu nhập mã giới thiệu hợp lệ của Người giới thiệu trong khi thực hiện quy trình mở Tài khoản thanh toán/Thẻ CIMB Visa Debit hoặc Thẻ Visa OctoFast;
Người được giới thiệu đăng ký mở tài khoản qua ứng dụng Octo by CIMB và mở Tài khoản thanh toán/Thẻ CIMB Visa Debit / thẻ Visa Octofast thành công và đáp ứng thể lệ của chương trình;
Mã giới thiệu hợp lệ là dãy ký tự được gán mặc định cho từng khách hàng trong mục “Giới thiệu bạn” trên ứng dụng Octo by CIMB và được hệ thống của CIMB chấp nhận;
Người được giới thiệu phải là khách hàng mới, chưa sử dụng bất kỳ sản phẩm nào tại CIMB. Không áp dụng đối với khách hàng đăng ký tài khoản và Thẻ qua kênh đối tác.
Mỗi Người giới thiệu đáp ứng đầy đủ điều khoản và điều kiện của Chương trình sẽ được nhận thưởng theo quy định với tổng mức thưởng tối đa không vượt quá 5.***VNĐ/Người giới thiệu.
Điều khoản & Điều kiện chương trình nhập mã 2424Z6u2 ở mục giới thiệu để hưởng trọn vẹn tất cả các ưu đãi",2024-07-22 21:03:54,16,7,,,ProcessingStatus.PENDING,,,32
5,"Khô gà thơm ngon ko có mùi tanh, ăn hết sẽ quay lại mua tiếp",2024-10-07 19:55:29,16,48,,,ProcessingStatus.PENDING,,,33
1,Hàng dỏm quá tệ.không sai dk,2025-07-23 19:51:40,16,49,,,ProcessingStatus.PENDING,,,34
5,"Ok
Không ngọt lắm",2026-07-17 15:45:18,17,50,,,ProcessingStatus.PENDING,,,35
1,"QUẢNG CÁO THÌ LÀ LOẠI CÒN VỎ ,GIAO KHÁCH HÀNG THÌ 90% đã bóc vỏ,buôn bán không thành thật, chia tay",2022-02-28 17:29:01,18,55,,,ProcessingStatus.PENDING,,,36
2,hạt đợt này hơi có mùi. Không ngon như mình mua lần trước. Sẽ xem xét có nên mua lại không.,2022-07-12 12:01:54,18,56,,,ProcessingStatus.PENDING,,,37
3,"Không giống quảng cáo, chủ yếu là yến mạch",2025-12-05 14:51:36,20,62,,,ProcessingStatus.PENDING,,,38
1,Granola ngũ cốc mà cứ tưởng mớ mứt bán ế hồi tết hoặc ăn không hết giờ bỏ vô cho khách ăn chứ. Ăn với sữa chua không đường mà vẫn thấy ngọt cực gắt. Còn ngũ cốc là gì nhỉ? Thấy chỉ có yến mạch thôi còn lại là ít hạt bí xanh với toàn mứt,2023-06-03 07:59:43,20,63,,,ProcessingStatus.PENDING,,,39
4,"Hạt khô giòn, ko mốc, ko ỉu, trái cây sấy khá ổn, chưa thử loại khác nên ko so sánh đc, sẽ tiếp tục ủng hộ.",2023-06-10 12:33:14,20,64,,,ProcessingStatus.PENDING,,,40
4,"đậu phộng vừa vị, chút béo, chút mặn, bùi bùi cùng cơm trắng ấm bụng.",2023-09-02 12:48:21,20,65,,,ProcessingStatus.PENDING,,,41
3,"Hạt cắn bể hết, lâu lâu ăn phải vài hạt bị hôi.",2025-11-07 07:08:03,21,68,,,ProcessingStatus.PENDING,,,42
5,"Giao nhanh, sản phẩm chất lượng cho shop 5 sao",2024-10-07 19:54:20,21,48,,,ProcessingStatus.PENDING,,,43
3,Shop giao thiếu 1 hạt dưa 500g,2024-02-07 17:26:00,21,69,,,ProcessingStatus.PENDING,,,44
5,Hạt giòn béo,2023-12-13 16:04:07,21,70,,,ProcessingStatus.PENDING,,,45
5,"Hàng rất ok ,ngon",2024-08-22 21:46:22,23,71,,,ProcessingStatus.PENDING,,,46
5,"Hủ trong hình là mình đã ăn được phân nửa miếng rồi ấy ạ chứ hủ 150g cũng vừa phải, tiện cho nhu cầu ăn vặt của mỗi người. Về độ ngon của món này thì trên cả tuyệt vời. Thịt có vị the của ớt hoà quyện với độ ngọt tự nhiên của thịt thì quá là đỉnh luôn ạ😍❤️👍",2023-02-28 23:42:31,24,73,,,ProcessingStatus.PENDING,,,47
5,an rat ngon .... Thanks Tiki shop,2021-11-19 09:58:00,24,76,,,ProcessingStatus.PENDING,,,48
1,"sao k giống hình vậy , shop làm e thất vọng.",2021-08-21 16:01:30,24,77,,,ProcessingStatus.PENDING,,,49
5,"Sản phẩm phù hợp với giá tiền
Ké tí : Tinh dầu Tràm Trà nguyên chất Huế Royal chiết xuất từ lá tràm trà, 100% thiên nhiên. Dùng để xông nhà thơm, chống ẩm mốc. Phòng ngừa ho, cảm, các bệnh ngoài da cho trẻ nhỏ, kháng khuẩn, trị các bệnh ngoài da. Nhiều công dụng khác nhau. 100% từ thiên nhiên. Không hóa chất bảo quản.Bán trực tiếp: ***",2022-03-09 14:33:17,26,78,,,ProcessingStatus.PENDING,,,50
5,"Lần đầu săn hàng bên shop, hạt thơm giòn chất lượng sẽ quay lại sử dụng sản phẩm khác của shop",2024-10-07 19:56:32,26,48,,,ProcessingStatus.PENDING,,,51
5,Chất lượng tốt,2024-04-04 19:02:13,31,81,,,ProcessingStatus.PENDING,,,52
4,đóng gói ổn. giao hàng nhanh. nhưng mà ko có cay @.@ vị hơi ngọt so với khẩu vị nhà hay ăn. Sợi không tơi ra như hình shop chụp 🤣,2021-08-05 13:53:23,31,84,,,ProcessingStatus.PENDING,,,53
5,"Sản phẩm giao nhanh hơn dự kiến và đóng gói cẩn thận. Bạn nào dùng nhiều thì mua dạng combo, giá okela hơn nhiều á. Cảm ơn shop và tiki nhiều nhen.",2021-09-21 15:48:30,31,85,,,ProcessingStatus.PENDING,,,54
4,"Hương vị thơm ngon, nhưng vẫn chưa dẻo lắm, chỉ là cắt lát mỏng, vị chua chua ngọt ngọt, không ngọt giống như khi ăn xoài cát Hòa Lộc chín cây. Thích hợp cho những người thích chua chua ngọt ngọt. Ai thích ngọt sẽ chê đấy hihihi 🤭",2023-06-19 22:03:45,32,86,,,ProcessingStatus.PENDING,,,55
5,Ngon nha,2024-08-05 21:26:26,33,90,,,ProcessingStatus.PENDING,,,56
5,Sản phẩm dùng được. Thích sản phẩm. Cám ơn đã giao hàng.,2025-08-16 13:24:07,34,92,,,ProcessingStatus.PENDING,,,57
3,"Khô không ngon,không đc giòn và mặn",2025-07-29 17:51:34,35,93,,,ProcessingStatus.PENDING,,,58
5,Sản phẩm dùng tốt.,2024-08-10 20:21:20,35,92,,,ProcessingStatus.PENDING,,,59
4,"Hộp chỉ quấn băng dính không khí vào, khô gà ẩm",2022-08-14 15:09:14,35,96,,,ProcessingStatus.PENDING,,,60
1,"Lạp xưởng quá ngọt

 Ận xha. Hbshab hx",2024-12-31 15:14:01,36,98,,,ProcessingStatus.PENDING,,,61
1,"GIAO HÀNG THIẾU. Đặt 1kg, giao nữa kg. Đây là lần đầu đặt hàng qua tiki gặp tình trạng này. Mình thấy một số bạn cũng bị tình trạng tương tự trước khi đặt, chỉ nghỉ do sơ suất nhỏ. Thất vọng với nhà cung cấp Tân Lộc Phát.",2021-07-20 07:00:18,36,99,,,ProcessingStatus.PENDING,,,62
5,"Mình rất bất ngờ về tốc độ giao hàng của Tiki thời gian gần đây. Mặc dù đang dịch nhưng chỉ 3 ngày đã nhận được hàng ở HN. Lạp xưởng ăn rất ngon, tuy nhiên hơi ngọt một chút. Mình dùng nồi chiên ko dầu rán sơ qua nên rất dễ chế biến.",2021-08-14 01:11:03,36,100,,,ProcessingStatus.PENDING,,,63
5,phạt mức án 30 năm tù và bồi thường hơn 18.000 tỷ đồng liên quan xảy ra tại TrustBank nhưng vì lý do sức khỏe nên bà này chưa thể thi hành án và đã qua đời.,2023-02-15 11:17:23,37,101,,,ProcessingStatus.PENDING,,,64
3,"Do mình nhìn ko kỹ, khối lượng chỉ có 100g mà giá hơn 30k bên trong ít nhân, hộp ngắn tủn, mn bên cân nhắc",2021-09-21 21:54:05,37,102,,,ProcessingStatus.PENDING,,,65
3,Rong biển hơi ít so với lần trước mình mua.,2022-07-25 11:46:39,37,103,,,ProcessingStatus.PENDING,,,66
5,"Chưa ăn, nhưng thấy đóng gói cẩn thận, chắc là ngon",2022-11-05 15:11:59,37,104,,,ProcessingStatus.PENDING,,,67
5,"Có món nầy, rắc ăn với cơm trắng khi nhà hết đồ ăn
vừa gọn vừa đủ dinh dưỡng
Để lâu được, khỏi phải chế biến lâu",2021-09-25 19:24:07,37,8,,,ProcessingStatus.PENDING,,,68
5,Thank you so much. I received the item on time and in excellent condition. Hope to buy more from you next time.,2026-03-20 12:13:31,39,105,,,ProcessingStatus.PENDING,,,69
4,Bị ỉu khi nhận hàng,2025-07-24 18:23:19,39,106,,,ProcessingStatus.PENDING,,,70
1,Ăn không ngon  không thơm,2023-07-23 14:43:08,39,109,,,ProcessingStatus.PENDING,,,71
1,Sản phẩm rất tệ. Có mùi gắt dầu và mềm như để lâu ngày dù còn niêm màng nhôm và hạn sử dụng. Không thể sử dụng được phải bỏ đi. Lần đầu tiên mua hàng Tiki mà thất vọng như vậy.,2020-08-10 22:38:31,40,110,,,ProcessingStatus.PENDING,,,72
4,"Mình đặt hủ đậu phộng 35k chung với một số món khác. Đặt giao tiêu chuẩn(miễn phí). Sau đó Tiki giao nhiều đợt, lần đó giao đúng 1 món này tính 41k(tự tính phí 6k). Dù ko nhiều nhưng tách ra giao vậy có những món khách không nhớ giá mà cứ tính lên vậy sẽ làm giảm uy tín của Tiki.
Mình đặt rất rất nhiều trên Tiki, ko nhớ nổi giá lúc đặt và lúc giao. Mình sẽ để ý và phản hồi tiếp.",2020-04-18 23:31:10,40,111,,,ProcessingStatus.PENDING,,,73
5,"ngon và giòn, ăn khá ngon, thèm lâu rồi mà xung quanh toàn bán loại có tỏi ớt, mình ghét cay!",2022-07-12 19:31:14,40,112,,,ProcessingStatus.PENDING,,,74
4,"Rong biển ko giòn mềm, hơi dai. Tạm được chứ không ngon bằng một số loại mình mua ngoài siêu thị. Có vị cay nhẹ nên ko cho bé ăn được.
Đóng gói và bao bì đẹp",2020-08-12 13:09:59,42,115,,,ProcessingStatus.PENDING,,,75
5,ngon,2022-01-06 09:14:03,42,117,,,ProcessingStatus.PENDING,,,76
4,good,2022-05-17 00:58:03,42,118,,,ProcessingStatus.PENDING,,,77
4,Ngon. Ăn hết trong vòng nửa nốt nhạc,2021-06-02 10:45:35,42,119,,,ProcessingStatus.PENDING,,,78
2,"Ship sai đơn, cả 2 lần. Còn ai dám sử dụng dịch vụ, nhất là lúc cần để đem biếu",2023-01-03 15:10:56,43,120,,,ProcessingStatus.PENDING,,,79
1,mong phản hồi sớm để gửi lại sản phẩm ạ.,2020-11-19 14:23:33,43,123,,,ProcessingStatus.PENDING,,,80
5,"nhìn cách đóng gói là yên tâm hơn! Gà ngon nh hơi khô nên ăn bị mỏi răng , còn bò thì m chưa ăn nên ko biết ntn. Nói chung là ok",2021-02-05 21:08:33,44,124,,,ProcessingStatus.PENDING,,,81
1,"Mình đã đặt 2 combo và thanh toán trước, lúc giao mình mở thùng hàng thì chỉ có 1 combo. Yêu cầu hỗ trợ từ tiki thì báo sau 24h sẽ phản hồi lại, nhưng 1 ngày rưỡi rồi mà cả phản hồi cũng không thấy đâu!",2021-10-03 16:14:25,44,125,,,ProcessingStatus.PENDING,,,82
5,"Sản phẩm chất lượng vừa ăn, đã mua rất nhiều lần và sẽ tiếp tục ủng hộ shop",2022-06-30 22:09:39,44,127,,,ProcessingStatus.PENDING,,,83
5,đợt này mua chưa ăn thử với mua cho nên ko biết ntn,2022-04-01 12:14:49,44,128,,,ProcessingStatus.PENDING,,,84
5,Hữu dụng,2026-05-09 14:04:20,48,133,,,ProcessingStatus.PENDING,,,85
1,Khô bò không có sợi .chỉ toàn bột.,2024-03-17 14:22:08,49,139,,,ProcessingStatus.PENDING,,,86
5,Ngon lắm nhé,2024-10-18 19:25:24,50,140,,,ProcessingStatus.PENDING,,,87
5,dep dep ok nhé,2022-04-26 12:37:21,50,141,,,ProcessingStatus.PENDING,,,88
5,lần trước mua hạt tốt. lần này mua 2 bịch quá tệ...,2023-10-15 20:10:43,51,144,,,ProcessingStatus.PENDING,,,89
1,Hạt óc *** bị mốc. Kém chất lượng,2021-11-12 19:56:03,51,145,,,ProcessingStatus.PENDING,,,90
3,sản phẩm đóng gói cẩn thận . ăn tốt sức khỏe.,2021-10-17 10:36:20,51,146,,,ProcessingStatus.PENDING,,,91
4,"hạt dẻ thơm bùi, hơi mặn 1 tí so với khẩu vị của mình",2021-12-09 18:24:02,52,149,,,ProcessingStatus.PENDING,,,92
4,một số hạt bị hôi dầu hoặc đen,2021-12-18 21:23:15,52,150,,,ProcessingStatus.PENDING,,,93
5,good good 👍,2021-09-24 23:16:03,52,152,,,ProcessingStatus.PENDING,,,94
1,"Hoàn toàn không có Ghi HẠN SỬ DỤNG nghe mọi người. RẤT NGUY HẠI SỨC KHỎE. QUÉT MÃ VẠCH TRÊN HỘP CHO RA KHÔNG ĐÚNG SẢN PHẨM NÀY. Mua giá 2 hủ 500gr/99k, ship 17k là 116k. Mua về quét mã vạch in trên tem nhãn sao lại lên tên gọi của sản phẩm khác là ĐẬU PHỘNG RANG TỎI ỚT , mà giá chỉ có 20k. Đang nghi ngờ mã vạch giả. Quá tao lao. Hạt giòn rụm ngon chứ không thơm, nhiều hạt đã sậm đen như quá đát, ăn vào vị ngai ngái. Hỏng. Hạt vỡ vụn nhiều. Định mua thêm ít hộp làm quà nhưng sợ . Thôi vậy.",2022-05-27 14:24:23,56,25,,,ProcessingStatus.PENDING,,,95
1,"thấy mn phản hồi tích cực lắm, m ham hố chơi hẳn 4 combo😅😅  hạt to nhỏ vỡ vụn ko đều đã đành(thì mới có giá đó), cơ mà ăn vào nó cứ sao sao ấy, 1 lúc hé hết cả cổ, nhiều hạt mốc, bóp ra nó mủn như vôi ấy, hạt thì trong kiểm bị úng nước xong sấy khô(ăn những hạt này hé đặc cả cổ), nhiều hạt cháy đắng, vừa ăn vừa bật flat soi xem là muối hay mốc😅 sợ luôn.",2022-03-29 12:08:10,56,2,,,ProcessingStatus.PENDING,,,96
1,Độc hại vô cùng. Cha tôi ăn 2 nắm hôm sâu chuyển viện luôn. Chồng tôi thì chống mặt nặng đầu. Tôi thì đau đầu tay tê. Tôi cung thử 1 tuần sau ăn lại thì tiếp tục hôm sau đau đầu tê người. Chắc chắn ngộ độc thứ gì đó trong hạt điều. Đù là lựa ra bỏ gần phân nửa mới ăn. Bọn ác ôn,2022-11-25 10:35:19,56,155,,,ProcessingStatus.PENDING,,,97
5,Đóng gói cẩn thận hàng như mong đợi người giao hàng cũng rất tuyệt tặng 5 sao cứ vậy để luôn thành công shop nhé hẹn gặp lại ở những lần sau 🌹🌹🌹🌹,2023-01-07 13:00:11,56,156,,,ProcessingStatus.PENDING,,,98
1,"Rất ko hài lòng. Quảng cáo là 500g/1 hộp
2 hộp là 1kg.
Xong khi mình nhận được lại là 300g/1 hộp
2 hộp là 600g",2023-06-22 14:47:13,56,157,,,ProcessingStatus.PENDING,,,99
3,Mình thấy hơi ngọt. Chỉ có 480gr thôi (kể cả hộp). Đúng mẫu. Giao nhanh. Bình thường.,2022-12-30 16:17:48,55,158,,,ProcessingStatus.PENDING,,,100
1,"Xoài quá ngọt, ko có vị chua, shop giao 1 hủ mới, 1 hủ cũ
Hũ cũ miếng xoài cứng, đen thui",2022-12-29 15:43:42,57,159,,,ProcessingStatus.PENDING,,,101
4,"Xoài lần này giao vừa ẩm ướt và đen như bị ẩm móc. Nhắn tin thì lại bảo là tuỳ mùa nên xoài đen
Nhờ shop đổi lại giúp mh",2022-04-04 14:02:44,57,161,,,ProcessingStatus.PENDING,,,102
5,Tốt,2023-12-19 11:07:11,61,70,,,ProcessingStatus.PENDING,,,103
5,"Ok ngon, thơm giòn… tuy nhiên hạt ko to đều, có hạt bé lẫn vào cũng nhiều",2023-10-30 16:04:25,61,164,,,ProcessingStatus.PENDING,,,104
2,"Mùi vị không thơm ngon, vị giống bị khét",2024-02-17 10:09:02,61,165,,,ProcessingStatus.PENDING,,,105
5,"Vị ướp ngon nè, thơm, giòn, mua 2 hũ to bự không biết bao nhiêu gram nhưng hũ vậy cũng là to rồi, mấy ngày ở nhà dịch ko làm gì, cắn hạt hướng dương cho giống tết hihi",2021-07-20 14:23:20,61,166,,,ProcessingStatus.PENDING,,,106
5,"Hạt giòn thơm. 
Khuyến cáo mở nắp dùng ngay hoặc buộc kín trong bịch, để ngoài sẽ bị mềm nhanh.",2022-06-12 17:43:44,61,167,,,ProcessingStatus.PENDING,,,107
1,"Ăn Không Ngon , nên cải thiện thêm",2023-10-06 14:48:23,62,169,,,ProcessingStatus.PENDING,,,108
3,"giãn cách không ra quán được mua ít đồ nhắm trữ sẵn có gì nhậu tại nhà cho an toàn. mực hơi khô, mích thích loại mềm hơn.",2021-07-24 11:11:53,62,170,,,ProcessingStatus.PENDING,,,109
5,Mực ngon ngọt,2023-04-26 15:33:10,62,171,,,ProcessingStatus.PENDING,,,110
5,"Vị béo, ngon, đậm đà. Sẽ mua nữa",2025-01-18 19:59:24,63,38,,,ProcessingStatus.PENDING,,,111
1,Mình nhận được 2 hộp nhãn hiệu ko phải của Tân Lộc Phát như khi đặt hàng. Hạt đậu màu sậm như bị ẩm không giống như lần mua hàng trước. Mình đã phản ánh tikicare để yêu cầu trả hàng. Rất mong tiki hỗ trợ nhanh chóng,2021-07-22 14:35:22,63,172,,,ProcessingStatus.PENDING,,,112
4,"Lần này nhận 2 hủ nắp đỏ, k phải nắp trắng.
Mua 2 hủ lần 2 này ăn cũng tạm, vỏ k dòn bằng đợt mua lần 1.
Nhân đậu phộng có hạt k mới đều như lần 1
Cảm ơn shop giao sớm qua GHN trong mua dịch",2021-09-16 17:24:16,63,173,,,ProcessingStatus.PENDING,,,113
5,"quá ngon luôn, 1 một hũ to mà mình tiêu diệt ngay trong vài hôm thôi, đậu phộng giòn, béo.",2022-10-02 20:21:53,63,112,,,ProcessingStatus.PENDING,,,114
4,mình đặt chung 1 địa điểm nhưng đâu phộng giao trễ hơn. Đậu rất giòn ngon. mn nên mua. mình quên không chụp ảnh.,2021-11-14 19:46:50,63,174,,,ProcessingStatus.PENDING,,,115
5,Ngon đấy,2026-03-19 20:42:06,64,175,,,ProcessingStatus.PENDING,,,116
3,"Ăn kg ngon, ít giòn.........",2025-10-18 08:13:39,64,176,,,ProcessingStatus.PENDING,,,117
5,"Bóc sẵn, chỉ việc ăn, siêu tiện lợi!",2024-01-21 00:03:40,64,177,,,ProcessingStatus.PENDING,,,118
5,"Sản phẩm ngon, ăn đỡ khâu cắn bỏ vỏ nên có thể chế biến với các món bánh ngọt hoặc bánh mặn. Nói chung là hài lòng lắm.",2021-08-23 14:00:27,64,166,,,ProcessingStatus.PENDING,,,119
3,"Mua làm quà mà ở đáy bịch có nhiều vỏ bị nát, hạt hư, không biết có phải hàng cũ không. Nên không  đem biếu được.",2026-04-18 14:42:44,66,178,,,ProcessingStatus.PENDING,,,120
1,"Hạt bí rang quá lửa hay sao mà đắng quá, không ngon!",2024-06-01 11:24:52,66,179,,,ProcessingStatus.PENDING,,,121
1,Có nhiều hạt bị mốc!Ẵn không gia gì.,2023-07-15 19:55:54,66,180,,,ProcessingStatus.PENDING,,,122
4,"Hạt bí vừa , ngon, không bị hư!",2023-07-01 23:46:55,66,181,,,ProcessingStatus.PENDING,,,123
2,"Shop  quá ẩu 
Sai sp sai sl🥲",2022-12-16 16:40:29,66,182,,,ProcessingStatus.PENDING,,,124
4,Ngon và hợp lý trong tầm giá,2024-09-13 10:15:03,71,80,,,ProcessingStatus.PENDING,,,125
5,Tao thơm,2024-11-05 19:01:19,71,184,,,ProcessingStatus.PENDING,,,126
5,Ngon,2024-03-07 18:54:36,72,189,,,ProcessingStatus.PENDING,,,127
5,"Sản phẩm ổn, thời gian giao hàng nhanh. Cảm ơn Tiki và Shop bán hàng chất lượng.",2022-06-08 20:10:46,72,190,,,ProcessingStatus.PENDING,,,128
4,Giao hàng nhanh,2022-05-01 14:00:49,72,191,,,ProcessingStatus.PENDING,,,129
5,"Dù dịch nhưng vẫn nhận hàng nhanh chóng, đóng gói kỹ, hương vị thơm ngon",2021-07-22 17:43:05,72,192,,,ProcessingStatus.PENDING,,,130
5,"Đậu giòn ngon, muối vừa vị, thỉnh thoảng vẫn có một số hạt hơi bị cứng. Hàng đóng hộp cẩn thận, tem nhãn rõ ràng, date còn xa. Giá cả hợp lý. Mọi người nên mua. Thks shop và chúc shop đắt hàng nhé",2022-03-23 16:48:02,73,193,,,ProcessingStatus.PENDING,,,131
5,"Hàng được đóng gói sạch sẽ, có giấy bạc phía trong nắp hủ, đậu bên trong giòn, thơm ngon, vị mặn vừa phải, rất hợp khẩu vị, 5 sao",2021-11-05 14:18:16,73,194,,,ProcessingStatus.PENDING,,,132
2,Đặt vị muối thì lại giao tỏi ớt,2023-06-15 12:27:04,73,195,,,ProcessingStatus.PENDING,,,133
2,"đợt trước mình có mua 2 hộp ăn thử vì thấy comment của các bạn về sản phẩm khá ok.. ăb hết lại đặt tiếp 2 hộp thì chất lượng không như mong muốn... hạt mềm, nhỏ và bị teo... không thơm và ngon.... rất thất vọng khi còn có ý định sẽ ủng hộ tiếp..... rất mong shop giải quyết vấn đề này và cải thiện lại chất lượng sản phẩm như vậy....",2019-11-28 22:50:49,73,196,,,ProcessingStatus.PENDING,,,134
5,rất tuyệt vời rất ngon mà không sợ cứng hahaha mọi thứ đều tốt hết luôn 😙,2022-06-27 17:20:57,73,197,,,ProcessingStatus.PENDING,,,135
1,Sản phẩm không ngon có muồi dầu,2023-01-19 13:31:40,74,199,,,ProcessingStatus.PENDING,,,136
5,"Sp chất lượng như hình, giao hàng nhanh. Đóng gói khá cẩn cận.",2023-10-07 15:26:12,75,203,,,ProcessingStatus.PENDING,,,137
1,"Bán hàng *** cân điêu, 400g thì dán thêm mác 500g, cân lên cả hộp đựng hơn 400g. Yêu cầu Tiki loại trừ gian hàng bán hàng vô trách nhiệm và mất uy tín này trên Tiki",2023-01-03 20:13:48,75,204,,,ProcessingStatus.PENDING,,,138
5,sản phẩm chất lượng tuyệt vời.tôi dùng rất thíc .tôi có chia sè cho tất cả nhưngz ngươid quen biết mua sp này.hy vọng shop thêm nhiều sp chất lượng vậy nữa.,2022-07-23 08:03:57,75,205,,,ProcessingStatus.PENDING,,,139
3,Hộp đựng quá dầy mua hộp 500gr mà cái hộp đã nặng 200gr,2023-12-17 11:53:10,75,206,,,ProcessingStatus.PENDING,,,140
4,Dạo này có gì mới không? Dạo này có gì mới không? Dạo này có gì mới không? Dạo này có gì mới không? Dạo này có gì mới không?,2022-07-18 17:38:50,75,207,,,ProcessingStatus.PENDING,,,141
5,Sản phẩm tốt .Giá hợp lý. Giao hàng nhanh .Tôi rất hài lòng. Sẽ tiếp tục ủng hộ shop,2022-04-01 19:05:59,80,209,,,ProcessingStatus.PENDING,,,142
5,"""Đã tháo màn bọc ở miệng sản phẩm """,2024-06-23 09:42:02,1,213,,,ProcessingStatus.PENDING,,,143
4,Ăn vừa miệng,2022-11-02 16:08:46,3,215,,,ProcessingStatus.PENDING,,,144
4,Tốt,2022-07-20 08:42:00,3,217,,,ProcessingStatus.PENDING,,,145
4,Sản phẩm ok với tầm giá,2021-11-16 18:18:32,3,218,,,ProcessingStatus.PENDING,,,146
4,ngon,2021-10-29 19:42:12,3,220,,,ProcessingStatus.PENDING,,,147
4,Cơm hơi cứng,2021-07-26 15:42:55,3,222,,,ProcessingStatus.PENDING,,,148
5,"Đã nhận được hàng. Theo cảm nhận của mình thì cơm cháy hơi nhạt, chuối hơi chát tí.",2021-08-20 12:08:49,3,224,,,ProcessingStatus.PENDING,,,149
1,giao hang gi ma nát hết cua người ta ban hang giao kieu nay ai ma dam mua nua,2021-07-19 09:29:15,3,226,,,ProcessingStatus.PENDING,,,150
1,Giao hàng trễ nên bị hôi dầu không ăn được,2021-11-05 21:09:56,3,227,,,ProcessingStatus.PENDING,,,151
5,tuyệt vời cho bạn,2022-01-21 19:27:14,3,229,,,ProcessingStatus.PENDING,,,152
5,Đa nhận đc hành. Đóng gói cẩn thận. Tưởng răng 19/8 mới có nhưng dc giao sơm hơn ngày dự định. 😍😍😍 okie lắm nhe mn,2021-08-13 15:57:42,4,230,,,ProcessingStatus.PENDING,,,153
5,Ngon,2023-01-07 07:16:39,4,234,,,ProcessingStatus.PENDING,,,154
5,"ngon,có hạt bị mềm",2022-08-19 09:56:58,4,235,,,ProcessingStatus.PENDING,,,155
5,Rất ngon,2022-01-10 12:28:46,5,185,,,ProcessingStatus.PENDING,,,156
5,"Hạt hơi ướt xíu và vị ăn xong hơi chát nhưng nho to, không chua lắm, hợp giá tiền,sẽ mua lại",2023-04-18 12:14:56,5,246,,,ProcessingStatus.PENDING,,,157
5,"Thơm ngon, vị chua chua. Dễ sử dụng.",2023-02-05 08:31:42,5,247,,,ProcessingStatus.PENDING,,,158
5,"SP này tôi rất ưng ý ngon, đóng gói cẩn thận, giao hành nhánh chóng",2022-02-09 15:13:27,5,248,,,ProcessingStatus.PENDING,,,159
5,mẩu đẹp giao hàng nhanh chưa ăn nên chưa biết chất lượng,2021-11-15 13:11:24,5,250,,,ProcessingStatus.PENDING,,,160
5,good,2021-08-03 08:36:31,5,251,,,ProcessingStatus.PENDING,,,161
5,"nhận hàng đóng gói lỏng lẻo, chưa ăn nên chưa biết vị như thế nào",2021-06-06 15:45:34,5,252,,,ProcessingStatus.PENDING,,,162
5,Gửi shop 5 sao nhé ! Hàng đẹp và ngon.,2021-12-09 10:40:07,5,253,,,ProcessingStatus.PENDING,,,163
5,hàng đẹp ngon chất lượng,2021-11-17 11:22:56,5,255,,,ProcessingStatus.PENDING,,,164
5,ăn cũng vừa miệng,2021-09-20 13:12:42,5,256,,,ProcessingStatus.PENDING,,,165
5,đúng y như hình y tín giá rẻ ủng hộ shop,2022-02-19 12:10:54,6,261,,,ProcessingStatus.PENDING,,,166
5,"Bọc cẩn thận  , đậm đà , mình thấy cũng ngon",2021-12-09 09:04:20,6,262,,,ProcessingStatus.PENDING,,,167
5,"dịch bệnh nhưng tiki đã giao rất nhanh đơn này, cảm ơn tiki nhé
lạp xưởng rất ngon 👍",2021-09-21 16:37:32,6,263,,,ProcessingStatus.PENDING,,,168
5,"Nhận được lập xưởng, chưa sử dụng nên chưa biết chất lượng như thế nào.",2021-08-20 10:19:47,6,264,,,ProcessingStatus.PENDING,,,169
5,"Giao hàng nhanh, giá hợp túi tiền, tuy chưa sử dụng, nhưng nhìn chung thấy sản phẩm tốt, sẽ ủng hộ shop dài lâu.",2021-10-01 15:12:48,6,265,,,ProcessingStatus.PENDING,,,170
5,Chưa ăn nhưng bao bì đóng gói bên ngoài khá ổn nha mn,2021-09-21 21:51:46,6,102,,,ProcessingStatus.PENDING,,,171
5,Hàng ship nhanh đóng gói kỹ. Ăn ngon mềm dẻo.Tks shop.,2021-08-12 13:19:17,6,266,,,ProcessingStatus.PENDING,,,172
5,san pham ok ngon,2022-04-14 15:24:17,6,267,,,ProcessingStatus.PENDING,,,173
5,ngòn ngón ngon ngòn ngon,2021-10-22 09:40:06,6,268,,,ProcessingStatus.PENDING,,,174
5,mới mua về để dùng thử xem sản phẩm có đúng chất lượng k . nếu ngon sẻ ủng hộ tiếp,2021-07-28 23:42:02,6,269,,,ProcessingStatus.PENDING,,,175
5,Hàng ngon date xa,2021-09-15 11:57:54,6,270,,,ProcessingStatus.PENDING,,,176
5,"giao hàng nhanh, sản phẩm nhìn sạch sẽ bắt mắt",2022-02-09 13:48:28,6,271,,,ProcessingStatus.PENDING,,,177
5,Sản phẩm ngon. Mà đăt lại sản phẩm thấy tăng giá lên mấy chục rồi :(,2021-07-31 13:17:10,6,272,,,ProcessingStatus.PENDING,,,178
5,"Giao hàng nhanh, ngon tiện lợi",2022-04-05 22:23:17,6,273,,,ProcessingStatus.PENDING,,,179
5,"chưa dùng nhưng trông thấy ngon,  đóng gói tốt",2021-08-05 11:31:28,6,275,,,ProcessingStatus.PENDING,,,180
5,tot,2022-06-16 12:38:46,6,276,,,ProcessingStatus.PENDING,,,181
5,"Giao nhanh, lạp xưởng ngon, ít mỡ, tks Tiki",2021-08-02 14:33:07,6,277,,,ProcessingStatus.PENDING,,,182
5,"Giao hàng rất đúng với lịch hẹn trên Tiki
Sản phẩm giao đóng thùng chắc chắn, cứng cáp.
Hạt điều hạt to đều xếp rất đẹp, phù hợp làm quà tặng cho người thân, bạn bè
Shipper giao hàng thân thiện",2022-01-24 12:27:30,8,278,,,ProcessingStatus.PENDING,,,183
5,"đóng gói rất ok, 
hạt đều thơm , giòn, béo , không mặn vừa ăn.
sản phẩm như hình ảnh",2022-07-01 21:58:17,8,279,,,ProcessingStatus.PENDING,,,184
5,"Đã mua nhiều lần và lần nào cũng ngon, hạt to đều, thơm béo. Được cái là cái hộp hơn 200g 😀",2024-05-07 22:33:08,8,280,,,ProcessingStatus.PENDING,,,185
5,"Chất lượng lắm mọi người ơi. Hạt to đều cả ở giữa chứ không chỉ lớp bên trên. 
Hạt bùi, chắc. 
Chắc chắn sẽ mua lại",2022-06-30 23:11:58,8,281,,,ProcessingStatus.PENDING,,,186
5,"Mua hạt điều lúc giá 89k/500gr. Hạt to mẩy như hình đăng. Mình chưa ăn đến nên chưa đánh giá được, thấy nhiều ý kiến khen quá thì mua. Nếu ăn không đạt thì mình sẽ phản hồi cho mọi người đều biết.",2022-12-22 09:03:52,8,282,,,ProcessingStatus.PENDING,,,187
5,"Điều hạt to, đều. Giá rẻ hơn so với những nơi mình thường mua.",2022-12-28 18:48:41,8,283,,,ProcessingStatus.PENDING,,,188
5,"Đóng gói đàng hoàng. Giao hàng cẩn thận. Hạt to và đều.  Gửi kèm cái ảnh mà bị lỗi app nên thôi
Hạt to đều. Giòn ngon. Chỉ có vỏ có vẻ hơi khó bóc hơn những loại mình dùng trước đây.",2022-10-22 13:04:44,8,284,,,ProcessingStatus.PENDING,,,189
5,"Hạt to, đều, đẹp. Date mới. Ăn rất ngon và bùi. Mình mua làm quà cho đồng nghiệp ở nước ngoài và mọi người đều rất thích.",2022-07-26 21:39:44,8,285,,,ProcessingStatus.PENDING,,,190
5,"Hương vị thơm ngon, hạt giòn, to, không bị mềm, không bị mốc hôi.
Sẽ ủng hộ lần sau",2023-01-06 20:43:05,8,286,,,ProcessingStatus.PENDING,,,191
5,"hộp nhựa cứng cáp, đóng hạt đều nhìn đẹp. Giao thùng có lót giấy chèn các góc kĩ càng.",2022-06-08 21:53:57,8,287,,,ProcessingStatus.PENDING,,,192
5,"Giao hàng rất nhanh, hàng đẹp chuẩn. Chưa dùng nên chất lượng đánh giá sau nha.",2022-07-05 11:42:05,8,288,,,ProcessingStatus.PENDING,,,193
5,"Hạt điều ngon, may mấy hộp mình mua không bị mặn như mấy nhận xét trước.",2022-03-08 14:08:11,8,289,,,ProcessingStatus.PENDING,,,194
5,"Mình mua để làm quà tết, chưa dùng, nhưng thấy hạt to đều, đẹp. Mình nghĩ chất lượng k tệ.",2022-12-20 20:39:53,8,290,,,ProcessingStatus.PENDING,,,195
5,"Mình kg nghĩ là hat điều của shop to vây luôn á, nhìn rất đep mắt, mua cho kg biết ngon kg, cho shop 5 sao",2022-10-30 20:22:38,8,291,,,ProcessingStatus.PENDING,,,196
5,"Hạt điều cỡ đại rất chắc hạt, ngon và ngọt lắm nhé. Được mua khuyến mại rẻ nữa. Cảm ơn shop và Tiki.",2022-08-13 15:11:17,8,292,,,ProcessingStatus.PENDING,,,197
5,"Hạt to, giòn, ngon. Hài lòng.",2022-12-17 19:55:53,8,293,,,ProcessingStatus.PENDING,,,198
5,"Tốt, nhanh, rẻ😍",2022-12-22 17:43:08,8,295,,,ProcessingStatus.PENDING,,,199
5,Ngon lam. Hop vơi gia tien,2022-11-02 22:09:41,8,296,,,ProcessingStatus.PENDING,,,200
5,"Ngon, giòn, vị đậm đà",2021-05-27 19:12:04,11,297,,,ProcessingStatus.PENDING,,,201
5,thơm ngon nhưng giao hàng hơi lâu,2021-06-30 10:44:11,11,298,,,ProcessingStatus.PENDING,,,202
5,Giao hàng nhanh và giòn ngon.,2021-04-18 14:01:43,11,299,,,ProcessingStatus.PENDING,,,203
5,Ngon,2021-06-06 12:26:23,11,300,,,ProcessingStatus.PENDING,,,204
4,11,2021-04-20 14:33:05,11,308,,,ProcessingStatus.PENDING,,,205
5,đóng gói cẩn thận. rất hài lòng,2023-01-14 13:22:00,14,311,,,ProcessingStatus.PENDING,,,206
5,"Giòn ngon, date xa",2023-12-17 12:10:18,14,70,,,ProcessingStatus.PENDING,,,207
5,Ok,2022-07-04 08:55:03,14,167,,,ProcessingStatus.PENDING,,,208
5,"Khô gà ngon, hơi cay xíu nhưng người ăn cay sẽ thích.",2022-06-08 19:19:18,16,323,,,ProcessingStatus.PENDING,,,209
5,"Hàng chính hãng, ăn ngon chất lượng tốt.",2024-11-01 15:19:03,16,91,,,ProcessingStatus.PENDING,,,210
5,"khô gà ăn ngon, shop đóng gói kĩ càng giao hàng nhanh. mình có đặt thêm vài thứ khác ăn cũng ổn",2022-06-08 22:02:41,16,287,,,ProcessingStatus.PENDING,,,211
5,Ngon,2023-12-13 16:04:13,16,70,,,ProcessingStatus.PENDING,,,212
5,Ngon nha,2024-08-05 21:26:38,16,90,,,ProcessingStatus.PENDING,,,213
5,"vị đậm đà, ngon",2024-04-30 09:36:58,16,112,,,ProcessingStatus.PENDING,,,214
5,Ok,2024-03-10 10:41:57,16,10,,,ProcessingStatus.PENDING,,,215
4,"Ngon, bùi béo, size hơi nhỏ,",2023-04-03 20:53:48,18,332,,,ProcessingStatus.PENDING,,,216
4,"Nhiều hạt bị hư, tuy nhiên tổng thể ổn so với giá tiền",2021-12-01 01:12:35,18,333,,,ProcessingStatus.PENDING,,,217
5,"Hàng chuẩn (exp. date 5/22), giao từ SG ra HN mất 4 ngày, đóng gói rất cẩn thận. 5 sao cho shop.",2021-06-10 20:51:29,18,36,,,ProcessingStatus.PENDING,,,218
1,"Dịch vụ chán, hàng không ngon",2023-03-13 08:47:34,18,120,,,ProcessingStatus.PENDING,,,219
5,"Hạt macadamia ngon, giòn, được đóng hộp đẹp, hạn sử dụng xa.",2020-12-31 19:27:05,18,336,,,ProcessingStatus.PENDING,,,220
5,Cũng tạm ổn,2021-01-06 19:16:02,18,340,,,ProcessingStatus.PENDING,,,221
5,Mình đặt combo 3 bịch nhưng được giao 3 hộp như này rất ưng bụng dù chưa dùng thử. Tiki giao hàng đúng ngày hẹn,2021-06-24 19:28:10,20,342,,,ProcessingStatus.PENDING,,,222
5,"Sản phẩm uy tín
Có vị béo của dừa khô",2023-07-25 19:13:19,20,343,,,ProcessingStatus.PENDING,,,223
5,Quá ok,2022-12-22 17:43:17,20,295,,,ProcessingStatus.PENDING,,,224
5,"Rất tốt rất hài lòng,đóng gói kỹ càng",2021-04-10 10:42:50,20,348,,,ProcessingStatus.PENDING,,,225
5,"mình pha với nước ấm, dùng sau 1-2 g nên thấy hạt nở tốt.",2020-10-05 09:37:37,20,349,,,ProcessingStatus.PENDING,,,226
5,rất thích,2021-07-10 12:55:34,20,350,,,ProcessingStatus.PENDING,,,227
5,thơm ngon giòn! gia vị rất vừa vặn!! rat ok,2020-08-30 12:45:53,21,359,,,ProcessingStatus.PENDING,,,228
5,ngon ok,2020-08-06 20:48:22,21,362,,,ProcessingStatus.PENDING,,,229
3,"Hạt dưa ko chắc đều, còn hạt lép, hơi mặn.",2023-04-11 10:01:49,21,363,,,ProcessingStatus.PENDING,,,230
3,"Dưa lép 
Dưa có vị mặn
Dưa bị ỉu nhiều",2023-04-04 22:15:17,21,364,,,ProcessingStatus.PENDING,,,231
5,Sản phẩm này đạt hiệu quả cao,2021-08-26 10:16:40,24,365,,,ProcessingStatus.PENDING,,,232
5,thịt bò khô ăn ngon miệng,2021-08-13 15:42:06,24,366,,,ProcessingStatus.PENDING,,,233
5,rất ngon,2021-09-20 19:13:52,24,367,,,ProcessingStatus.PENDING,,,234
5,giao hàng nhanh,2021-08-15 14:51:54,24,368,,,ProcessingStatus.PENDING,,,235
5,Đủ hang. Giao nhanh. Chuẩn,2021-04-01 21:35:23,24,369,,,ProcessingStatus.PENDING,,,236
1,Khong ngon….mềm.khong mua nua,2021-09-12 13:46:15,24,372,,,ProcessingStatus.PENDING,,,237
3,không có j rất tốt . hết.,2021-06-28 19:59:55,24,373,,,ProcessingStatus.PENDING,,,238
5,"Hướng dương đủ 2 gói 1kg , mỗi gói 500g
Hạt 1 túi đẹp còn 1 túi trông k đc đẹp lắm
Để tết nên mình chưa ăn thử",2022-01-16 18:06:56,26,375,,,ProcessingStatus.PENDING,,,239
5,"sản phẩm gắt dầu không ngon, mua loại kia ko mùi ăn ngon mà giao loại này hoài luôn, hàng kém chất lượng không nên mua. Ăn được vài hạt muốn bỏ luôn",2022-01-17 08:02:40,26,376,,,ProcessingStatus.PENDING,,,240
5,"Hạt to, thơm ngon dong goi kỹ, đặc biệt là để trong hộp nhìn đẹp mắt",2023-03-15 12:48:01,26,378,,,ProcessingStatus.PENDING,,,241
5,Hạt giòn ngon,2023-12-21 18:52:00,26,379,,,ProcessingStatus.PENDING,,,242
5,chac hat ngon giao hang nhanh nen mua   se ung ho sop tiếp,2022-01-15 12:13:55,26,380,,,ProcessingStatus.PENDING,,,243
5,"Chưa ăn nhưng thấy hộp sạch sẽ, ko bị vụn, hình thức ok.",2022-12-23 21:13:45,26,381,,,ProcessingStatus.PENDING,,,244
5,Giao hàng siêu nhanh,2022-06-06 12:06:32,26,383,,,ProcessingStatus.PENDING,,,245
5,sản phẩm nhìn ngon,2022-01-13 14:13:51,26,385,,,ProcessingStatus.PENDING,,,246
5,không,2022-02-06 12:03:53,26,386,,,ProcessingStatus.PENDING,,,247
5,Giao hàng nhanh. Chưa ăn thử nên k rõ chất lượng thế nào. 😅,2022-01-19 14:06:20,26,387,,,ProcessingStatus.PENDING,,,248
5,"khô gà ngon đậm đà, vị rất vừa ăn thích hợp ăn kèm với cơm trắng, shop giao hàng rất nhanh, nhân viên giao hàng rất nhiệt tình, cảm ơn tiki rất nhiều!",2021-04-07 22:24:44,31,388,,,ProcessingStatus.PENDING,,,249
5,"Đóng gói cẩn thận, giao hàng nhanh, vị dễ ăn, mấy bé nhà mình rất thích. Lần sau mình sẽ ủng hộ tiếp.",2021-08-03 09:32:31,31,389,,,ProcessingStatus.PENDING,,,250
5,Chà bông siêu ngon nha. Tiếc mình đặt có 1 hũ à hiu hiu. Chắc phải đăt thêm để dành ăn mùa dịch này.,2021-07-24 11:33:12,31,390,,,ProcessingStatus.PENDING,,,251
5,"Hiệu này ăn khá ngon nhé, đã sử dụng nhiều sản phẩm rùi, ăn vừa miệng",2021-07-18 16:59:53,31,391,,,ProcessingStatus.PENDING,,,252
5,"Sản phẩm giá tốt, Tiki giao hàng rất nhanh, đong gói sản phẩm cẩn thận",2021-05-11 15:38:10,31,392,,,ProcessingStatus.PENDING,,,253
5,"Giao hàng nhanh, hàng mới, hạn dùng xa, nhìn chung hài lòng",2021-08-21 11:03:33,31,393,,,ProcessingStatus.PENDING,,,254
5,"Chà bông ăn ngon, gạo lứt rong biển thì ms mang về đã bị lấy mất 1 hộp vì ăn ngon, mua được giá 77k rẻ quá",2021-07-12 20:28:16,31,394,,,ProcessingStatus.PENDING,,,255
5,"giá tốt, giao nhanh, ăn tạm được",2021-08-02 11:25:08,31,395,,,ProcessingStatus.PENDING,,,256
5,"Món ngon, giao hàng lâu rồi mà giờ Tiki mới báo đánh giá.",2021-09-19 12:59:25,31,397,,,ProcessingStatus.PENDING,,,257
5,"Ăn ngon, vừa miệng , lần sau sẽ ủng hộ tiếp.!!",2021-11-08 15:42:42,31,398,,,ProcessingStatus.PENDING,,,258
5,chà bông mềm ngon,2021-02-19 12:45:09,31,399,,,ProcessingStatus.PENDING,,,259
5,"Sản phẩm ngon, chất lượng lần sau mua thêm.",2021-08-09 12:17:23,31,400,,,ProcessingStatus.PENDING,,,260
5,ngon,2022-06-03 14:23:49,31,401,,,ProcessingStatus.PENDING,,,261
5,Chà bông ngon. Sẽ mua lại ủng hộ shop.,2021-08-05 17:25:01,31,402,,,ProcessingStatus.PENDING,,,262
5,Ngon lắm dịch ở xa chưa mua lại đc,2021-08-12 11:02:04,31,403,,,ProcessingStatus.PENDING,,,263
5,Đóng gói cẩn thận giao hàng nhanh đúng. Đã mua nhiu lần,2023-01-06 14:19:47,32,16,,,ProcessingStatus.PENDING,,,264
5,"Mua 1kg, Shop gửi 4 hộp 300gr là 1.2kg, thay vì 2 hộp 500gr. Cũng khá ngon, ko quá ngọt....",2022-02-22 22:07:57,32,404,,,ProcessingStatus.PENDING,,,265
5,Xoài vẫn có đường nhưng không ngọt quá ngọt vừa phải ăn dai dai dẻo rất ngon,2022-10-18 23:03:56,32,405,,,ProcessingStatus.PENDING,,,266
5,Vẫn ngon lành như lần trước ăn,2023-05-21 08:34:24,32,406,,,ProcessingStatus.PENDING,,,267
5,"Nhân viên giao hàng viettel  chuyên nghiep nhiệt tình, hàng chất lượng, giá rẻ, ngon",2023-03-06 09:21:53,32,407,,,ProcessingStatus.PENDING,,,268
5,Đã ăn thử hài lòng về chất lượng,2023-05-08 20:13:57,32,410,,,ProcessingStatus.PENDING,,,269
5,"Ngọt ngọt, chua chua, vừa miệng, trái vụ ăn xoài sấy dẻo là ngon nhất",2022-01-03 11:06:40,32,413,,,ProcessingStatus.PENDING,,,270
5,"Ăn ngọt ngọt, chua chua, giao hàng nhanh , mình rất thích",2022-01-26 13:33:21,32,416,,,ProcessingStatus.PENDING,,,271
5,ngon,2022-07-23 11:48:19,35,419,,,ProcessingStatus.PENDING,,,272
5,Ngon lắm lun ạ,2021-06-20 09:16:09,35,420,,,ProcessingStatus.PENDING,,,273
5,"giao hàng nhanh, ngon và thơm",2021-11-26 16:07:00,35,422,,,ProcessingStatus.PENDING,,,274
5,Ok,2021-10-07 21:27:33,35,426,,,ProcessingStatus.PENDING,,,275
1,Không thơm cũng không ngon luôn,2022-08-02 12:54:49,35,428,,,ProcessingStatus.PENDING,,,276
4,Oki ổn,2021-11-20 11:36:50,35,82,,,ProcessingStatus.PENDING,,,277
5,Phải nói là nhức cái nách,2021-06-29 07:57:22,36,432,,,ProcessingStatus.PENDING,,,278
5,"Tikinow giao hàng cực nhanh, đặt 7h00, 8h30 giao hàng rồi 
Hạn sử dụng xa: 09/2021 - 09/2022
Vị chưa ăn nên chưa đánh giá được 
Thêm giảm giá nên rất rẻ luôn 
Tóm lại nên mua sử dụng nha",2021-10-26 08:52:00,36,433,,,ProcessingStatus.PENDING,,,279
5,Đóng gói cẩn thận giao hàng nhanh.. nhìn ok nhưng chưa ăn nên chưa bt sao ạ. Ngon sẽ ủng hộ shop,2022-11-08 10:14:06,36,16,,,ProcessingStatus.PENDING,,,280
5,"Lạp xưởng đúng là thơm ngon mềm có độ ẩm mượt không bị khô mặc dù ít mỡ. Rất đáng thưởng thức. Có điều giá vẫn hơi cao, có lẻ đợt giảm giá này chưa đủ sốc 🤭",2021-08-10 09:30:32,36,434,,,ProcessingStatus.PENDING,,,281
5,Lap xưởng ngon. Nhưng nếu chấm vs tương ớt thì hơi mặn một xíu. Ăn vs cơm nóng là khỏi chê luôn,2021-11-16 15:37:30,36,435,,,ProcessingStatus.PENDING,,,282
5,giao hàg cực nhah...hwa đặt hnay đã nhận đc...trog khi dạo gần đây đặt bên *** hơn thág chưa thấy giao...chưa dùg sản phẩm...nếu ngon sẽ quay lại,2021-10-13 14:12:50,36,436,,,ProcessingStatus.PENDING,,,283
5,Lạp xưởng nhìn có vẻ ngon. Bao bì nhãn mác đầy đủ rõ ràng thông tin. Chưa ăn thử chưa biết vị ra sao. Tạm thời cho 5 sao đã.,2021-10-19 18:48:37,36,437,,,ProcessingStatus.PENDING,,,284
5,"chưa ăn,chưa biết thế nào nhưng nhìn mẫu mã ngon,đẹp,giống mẫu,giao hàng cực nhanh,mới đặt hôm qua hôm nay có",2022-01-13 18:25:13,36,438,,,ProcessingStatus.PENDING,,,285
5,"giao hàng nhanh, date xa, đóng gói cẩn thẩn. chưa sử dụng nên chưa biết nhưng nhìn bên ngoài thì thấy ngon, ít mỡ.",2021-12-14 07:41:21,36,439,,,ProcessingStatus.PENDING,,,286
5,"uy tín, date xa, thơm ngon giá bình dân đã quay trở lại mua thêm.",2022-11-20 12:43:18,36,440,,,ProcessingStatus.PENDING,,,287
5,Giá cả rất tốt và chất lượng thì khỏi phải chê nha. Đun trong nước 20’ sẽ làm ít mỡ ăn sẽ ngon hơn nữa nha.,2021-09-28 11:51:12,36,441,,,ProcessingStatus.PENDING,,,288
5,"sản phẩm nhìn ngon, để ăn thử nếu dc sẽ ủng hộ  thêm",2021-07-29 12:52:31,36,442,,,ProcessingStatus.PENDING,,,289
5,"giao hàng nhanh, bên ngoài nhìn ít mỡ, chưa ăn nên chưa đánh giá đc vị",2021-05-31 12:23:07,36,252,,,ProcessingStatus.PENDING,,,290
5,Mua nhiều lần rồi..ăn ok lắm..hy vọng ko bị tiki blook khi mua nhiều lần cùng 1 shop.,2022-03-31 21:28:04,36,443,,,ProcessingStatus.PENDING,,,291
5,Sản phẩm đúng với miêu tả. Tiki đóng gói cẩn thận. Giao hàng nhanh. Sẽ tiếp tục ủng hộ shop và Tiki.,2021-10-09 13:40:35,36,444,,,ProcessingStatus.PENDING,,,292
5,Hàng đúng chất lượng như hình,2022-12-28 16:47:16,36,445,,,ProcessingStatus.PENDING,,,293
5,sản phẩm chất lượng,2022-01-24 10:28:54,37,446,,,ProcessingStatus.PENDING,,,294
5,Ngon bổ rẻ..ăn sạch chỉ trong 1 buổi..rất ổn với tầm giá,2020-12-16 11:32:39,37,447,,,ProcessingStatus.PENDING,,,295
5,"Ăn được
Đã mua 2 lần",2021-08-24 16:49:14,37,173,,,ProcessingStatus.PENDING,,,296
5,"Vị vừa, phù hợp để lai rai",2021-04-27 07:53:08,37,448,,,ProcessingStatus.PENDING,,,297
5,"Ngon, rẻ, ăn vừa miệng",2022-05-30 19:04:00,37,116,,,ProcessingStatus.PENDING,,,298
5,Ngon,2021-07-25 20:08:35,37,450,,,ProcessingStatus.PENDING,,,299
5,Sản phẩm ok…chờ khá lâu do dịch bệnh,2021-09-24 10:20:37,37,453,,,ProcessingStatus.PENDING,,,300
5,"Rong biển còn mới, ăn giòn.",2021-11-11 17:59:31,37,454,,,ProcessingStatus.PENDING,,,301
5,ngon lăm shop ơi,2022-01-15 07:09:51,37,455,,,ProcessingStatus.PENDING,,,302
5,Giao hàng nhanh. Ngon ăn vèo cái hết.,2021-06-16 21:10:24,37,299,,,ProcessingStatus.PENDING,,,303
5,"Ăn ngon, sẽ ủng hộ tiếp!",2021-07-14 22:10:23,37,457,,,ProcessingStatus.PENDING,,,304
5,Sp chất lượng tốt,2021-08-13 20:34:50,37,458,,,ProcessingStatus.PENDING,,,305
5,giao hàng 9 ngày liên quận hicc,2021-09-20 16:32:38,39,460,,,ProcessingStatus.PENDING,,,306
5,rat ngon se tiep tuc sdung,2020-05-14 17:30:25,39,461,,,ProcessingStatus.PENDING,,,307
5,"đậu phộng béo, giòn ngon",2021-10-29 12:34:11,40,464,,,ProcessingStatus.PENDING,,,308
5,Sp chất lượng tốt,2021-08-13 20:33:42,40,458,,,ProcessingStatus.PENDING,,,309
5,Ngon,2021-08-21 23:27:15,40,465,,,ProcessingStatus.PENDING,,,310
5,Ngon,2021-07-07 21:56:36,40,466,,,ProcessingStatus.PENDING,,,311
5,ăn cũng tạm vì vẫn còn 1 vài hột bị hư,2020-04-08 08:57:59,40,469,,,ProcessingStatus.PENDING,,,312
4,Ok,2021-10-07 19:09:36,40,471,,,ProcessingStatus.PENDING,,,313
5,ăn rất ngon,2022-03-03 09:49:28,42,473,,,ProcessingStatus.PENDING,,,314
5,ngon,2022-04-05 10:49:52,42,474,,,ProcessingStatus.PENDING,,,315
5,Rất ngon,2021-08-15 19:58:48,42,475,,,ProcessingStatus.PENDING,,,316
5,ngon,2021-07-17 09:09:12,42,477,,,ProcessingStatus.PENDING,,,317
5,ngon,2021-06-15 21:34:01,42,480,,,ProcessingStatus.PENDING,,,318
5,ngon,2020-12-05 18:03:05,42,481,,,ProcessingStatus.PENDING,,,319
4,được,2021-02-06 12:04:58,42,484,,,ProcessingStatus.PENDING,,,320
5,hàng đóng gói rất đẹp giao rất nhanh,2021-01-20 20:33:22,44,486,,,ProcessingStatus.PENDING,,,321
5,"mình vừa nhận đc hàng.sản phẩm đóng gói kĩ, HSD xa,giao hàng nhanh. khô gà và đậu phộng đều ăn ngon.sẽ tiếp tục ủng hộ  shop",2019-09-21 15:00:24,44,487,,,ProcessingStatus.PENDING,,,322
5,thơm và hợp khẩu vị,2021-09-29 16:05:23,44,488,,,ProcessingStatus.PENDING,,,323
5,ngon giao nhanh,2022-01-14 12:56:38,44,490,,,ProcessingStatus.PENDING,,,324
5,"giao hàng nhanh,giống hình, khô gà ngon",2021-06-30 11:44:52,44,491,,,ProcessingStatus.PENDING,,,325
5,good good good 👍,2021-09-24 23:16:24,44,152,,,ProcessingStatus.PENDING,,,326
5,Ngon lắm!!!!!!,2021-10-11 17:30:03,44,492,,,ProcessingStatus.PENDING,,,327
5,Ngon,2021-12-12 16:40:17,44,493,,,ProcessingStatus.PENDING,,,328
5,"Nhanh, chuyên nghiệp",2021-07-09 18:55:44,44,496,,,ProcessingStatus.PENDING,,,329
5,ngon. hàng đúng chất lượng. lần sau ủng hộ nữa,2020-10-04 10:05:45,44,499,,,ProcessingStatus.PENDING,,,330
5,Sp ngon,2021-08-16 17:32:21,44,500,,,ProcessingStatus.PENDING,,,331
5,Mẫu mã bao bì thì đẹp đóng gói tốt giao hàng nhanh chất lượng sản phẩm thì ok chứ ko được ngon 100%,2022-07-24 17:16:03,49,501,,,ProcessingStatus.PENDING,,,332
5,"ngon ngon, cay cay khá đã",2024-09-24 08:00:05,49,502,,,ProcessingStatus.PENDING,,,333
5,"khô ngon, shop giao nhanh, giá rẻ, mua mấy lần rồi vẫn ưng",2022-06-24 05:39:46,49,503,,,ProcessingStatus.PENDING,,,334
5,ăn ngon......... ăn hết lần sau sẽ ủng hộ tiếp,2022-04-02 19:10:59,49,504,,,ProcessingStatus.PENDING,,,335
5,Tốt,2024-05-01 09:05:23,49,505,,,ProcessingStatus.PENDING,,,336
5,hàng ngon mới nhận được đã ăn hết 1/3 mua được giá hợp lý nếu giá tốt ủng hộ shop tiếp,2020-09-14 19:33:13,49,508,,,ProcessingStatus.PENDING,,,337
5,ăn hết hộp mới nhớ review mà ngonnnnnnnnnn,2021-09-09 15:12:49,49,509,,,ProcessingStatus.PENDING,,,338
5,đã nhận hàng. Đóng gói cẩn thận. vị ok.,2021-08-07 13:38:48,49,510,,,ProcessingStatus.PENDING,,,339
5,Mình mua làm quà tặng nên không có hình. Tiki giao hàng nhanh,2021-04-23 19:34:41,49,511,,,ProcessingStatus.PENDING,,,340
5,"sản phẩm tuyệt vời, đóng gói cẩn thận, giao hàng nhanh, có hóa đơn đầy đủ ?",2020-08-07 10:37:55,49,513,,,ProcessingStatus.PENDING,,,341
5,ngon nha,2021-11-13 15:54:13,49,514,,,ProcessingStatus.PENDING,,,342
5,giá tốt sản phẩm tốt ngon nên mua nhé,2022-05-14 15:41:00,49,515,,,ProcessingStatus.PENDING,,,343
4,"Hạt có nhiều bụi, phù hợp để nấu ăn hoặc làm sữa hạt",2023-04-07 22:22:26,56,517,,,ProcessingStatus.PENDING,,,344
4,nói chung sản phẩm ok. có điều shop nên sàng bớt bụi của vỏ trong keo đi thì sẽ bắt mắt hơn.,2020-12-15 23:12:38,56,518,,,ProcessingStatus.PENDING,,,345
4,"khá hài lòng, mình mua lúc giảm giá, có một hộp khá vụn",2021-05-11 09:47:03,56,519,,,ProcessingStatus.PENDING,,,346
4,"Hàng đúng như sản phẩm, chỉ có điều hạt điều m thấy hơi mặn và hạt hơi vụn chút!!!",2021-10-11 14:54:34,56,520,,,ProcessingStatus.PENDING,,,347
4,Ngon không thể tả. Giá rẻ nữa chứ. Đặt thêm để ăn Tết mà hết ùi,2022-01-21 13:46:05,56,521,,,ProcessingStatus.PENDING,,,348
4,hat dieu gion beo  hoi man chút giao hang nhanh OK,2021-04-27 13:39:51,56,380,,,ProcessingStatus.PENDING,,,349
4,Vi mân mẫn ngon. tuy nhiên có nhiều hạt hư lép,2022-05-23 18:41:09,56,522,,,ProcessingStatus.PENDING,,,350
4,"hạt điều ròn thơm ,nhưng hạt bị cháy đen nhiều ạ",2022-03-15 16:19:44,56,524,,,ProcessingStatus.PENDING,,,351
4,"Ăn được, tuy đôi lúc vẫn có hạt có vị hơi kỳ.",2022-03-10 13:30:30,56,525,,,ProcessingStatus.PENDING,,,352
4,tạm đc,2021-10-26 05:48:37,56,526,,,ProcessingStatus.PENDING,,,353
4,Hạt hơi mềm nhưng ăn ổn,2022-08-11 01:53:43,56,527,,,ProcessingStatus.PENDING,,,354
4,mình hài lòng trong giá sản phẩm. thỉnh thoảng vẫn có hạt cháy và đen.,2021-08-25 08:25:29,56,529,,,ProcessingStatus.PENDING,,,355
4,Hàng giao nhanh. Có một số hạt bị hư. Tạm ổn,2022-01-12 20:13:34,56,530,,,ProcessingStatus.PENDING,,,356
4,"Chấp nhận hạt bị bể, nhưng hạt hư mốc chiếm  # 15 % thành ra giá không rẻ.",2021-05-19 15:55:13,56,532,,,ProcessingStatus.PENDING,,,357
4,"cũng tạm ổn , còn một số hạt bị hỏng",2022-01-30 07:28:36,56,534,,,ProcessingStatus.PENDING,,,358
5,Hình ảnh mẫu có hợp nhưng giao là trong bịch vậy?,2021-08-13 16:43:02,55,535,,,ProcessingStatus.PENDING,,,359
5,"Rất ngon, k cay nồng, bé nhà mình thích lắm. Sẽ ăn dài dài của shop",2023-02-17 22:03:49,55,3,,,ProcessingStatus.PENDING,,,360
5,"Hài lòng 
Nói chung là ngon bổ rẻ nên mua mọi người ạ
Tiki giao hàng nhanh
Cảm ơn Tiki, cảm ơn shop",2021-01-25 10:52:25,55,537,,,ProcessingStatus.PENDING,,,361
5,"Gà k quá ngọt, hơi khô, nhưng nhiều ớt và lá chanh quá à. Mình mua loại đặc biệt này với loại bình thường kia mà thấy cũng k quá khác biệt gì",2020-01-27 09:01:40,55,538,,,ProcessingStatus.PENDING,,,362
5,Hơi mặn 1 tý,2022-08-15 12:32:11,55,96,,,ProcessingStatus.PENDING,,,363
5,"giao hàng khá nhanh. giá rẻ, nhưng vị hơi giả 1 chút",2021-08-18 18:47:50,55,540,,,ProcessingStatus.PENDING,,,364
5,Hang dong goi đẹp,2021-07-12 13:36:46,55,542,,,ProcessingStatus.PENDING,,,365
5,tốt,2021-07-06 22:15:18,55,546,,,ProcessingStatus.PENDING,,,366
5,ho chưa đc ăn mà nhìn thấy ok,2022-02-28 10:27:57,57,550,,,ProcessingStatus.PENDING,,,367
5,Ok,2022-07-17 12:49:14,57,167,,,ProcessingStatus.PENDING,,,368
5,"xoài ngon, chua chua ngọt ngọt okk nha",2021-11-16 19:42:51,57,552,,,ProcessingStatus.PENDING,,,369
1,"Xoài ngon, nhưng nhiều chất bảo quản, ăn nhiều sẽ không tốt cho gan, thận. Không vệ sinh từ khâu trồng trọt, Vân chuyển, và nguyên liệu chế biến",2021-07-08 19:32:09,57,557,,,ProcessingStatus.PENDING,,,370
3,xoài sấy cứng xơ và dai quá,2022-04-15 17:47:25,57,558,,,ProcessingStatus.PENDING,,,371
5,hàng ok,2022-07-22 11:52:50,61,559,,,ProcessingStatus.PENDING,,,372
5,"Ngon, thơm",2021-08-19 17:51:03,61,562,,,ProcessingStatus.PENDING,,,373
5,"Thơm, nhưng date ngắn quá, may mà đủ tới 10 Tết",2022-01-15 06:47:37,61,63,,,ProcessingStatus.PENDING,,,374
3,"tạm được, hạt vừa, giao nhầm cùng vị",2021-10-28 10:44:18,61,567,,,ProcessingStatus.PENDING,,,375
5,"hàng rất ok, sản phẩm của shop dùng rất là ổn, sẽ ủng hộ shop lần sau nữa",2021-07-17 21:04:29,62,570,,,ProcessingStatus.PENDING,,,376
5,"sản phẩm đúng như hình, ăn cũng ngon, vừa miệng",2021-09-20 13:12:39,62,256,,,ProcessingStatus.PENDING,,,377
5,Tốt ăn rất ngon  giống hình,2021-08-29 18:33:21,62,571,,,ProcessingStatus.PENDING,,,378
3,"nhớ là để combo 2 hủ ,mỗi hủ 150g mà sao thành mỗi hủ 50g rồi",2021-06-12 10:13:05,62,575,,,ProcessingStatus.PENDING,,,379
3,đóng gói ko cẩn thận bị vỡ hộp,2021-08-15 19:41:27,62,576,,,ProcessingStatus.PENDING,,,380
5,Hài lòng,2022-07-22 07:07:48,63,452,,,ProcessingStatus.PENDING,,,381
5,"Mùi vị thơm ngon, có điều hạt đậu hơi nhỏ.",2021-10-04 11:20:27,63,577,,,ProcessingStatus.PENDING,,,382
5,"đậu phộng ngon 
k quá cứng 
k hôi dầu",2021-08-25 12:13:31,63,578,,,ProcessingStatus.PENDING,,,383
5,"ngon,hẹn gặp lại",2022-01-24 11:24:39,63,579,,,ProcessingStatus.PENDING,,,384
5,Đậu giòn ngon ko bị gắt mùi. Ok,2021-07-08 19:59:23,63,580,,,ProcessingStatus.PENDING,,,385
5,Giòn . Ngon,2021-09-20 13:48:29,63,582,,,ProcessingStatus.PENDING,,,386
5,Ngon ạ,2021-08-03 16:18:36,63,584,,,ProcessingStatus.PENDING,,,387
5,ngon,2021-07-21 18:57:09,63,586,,,ProcessingStatus.PENDING,,,388
5,"hạt tốt,không có mùi lạ,ngon",2022-08-19 09:55:55,64,235,,,ProcessingStatus.PENDING,,,389
5,"rang, ăn ngon miệng. giá hợp lí.thế thôi",2022-02-01 17:09:50,64,595,,,ProcessingStatus.PENDING,,,390
5,Ngon bổ dưỡng,2021-08-10 17:23:55,64,596,,,ProcessingStatus.PENDING,,,391
1,chưa rang nên không thích,2022-07-18 21:55:18,64,599,,,ProcessingStatus.PENDING,,,392
4,Tốt.,2022-09-04 18:17:12,64,600,,,ProcessingStatus.PENDING,,,393
2,"Không ngon như mong đợi, tuy nhiên mỗi người 1 khẩu vị",2021-08-08 12:15:07,64,601,,,ProcessingStatus.PENDING,,,394
2,"Hạt bí không giòn , không thơm",2021-11-19 12:25:23,64,602,,,ProcessingStatus.PENDING,,,395
5,Thơm ngon,2023-01-28 17:43:49,66,604,,,ProcessingStatus.PENDING,,,396
5,"Chưa ăn nhưng thấy hộp sạch sẽ, ko bị vụn, hình thức ok.",2022-12-23 21:13:39,66,381,,,ProcessingStatus.PENDING,,,397
5,Ngon thơm dòn rất ok,2023-03-10 13:21:07,66,171,,,ProcessingStatus.PENDING,,,398
5,Đã nhận hàng..Hủ đẹp ????????????????,2021-07-27 13:44:45,66,605,,,ProcessingStatus.PENDING,,,399
5,"Giao hàng nhanh, vị rất vừa ăn ngon hơn cơm lứt sấy rong biển của 1 vài thương hiệu khác mà tôi đã ăn",2021-06-13 18:43:15,72,613,,,ProcessingStatus.PENDING,,,400
5,"Giao hàng nhanh, đóng gói cẩn thận, chất lượng tốt, mn nên mua nha",2022-01-13 12:38:46,72,614,,,ProcessingStatus.PENDING,,,401
5,gạo lứt ăn cũng ngon. ăn 1 lần rồi giờ mua lại. hơi ít rong biển. lèo tèo vài cọng rong trong một rừng gạo lứt.,2021-08-14 19:28:50,72,615,,,ProcessingStatus.PENDING,,,402
5,Ok,2022-11-06 15:12:09,72,616,,,ProcessingStatus.PENDING,,,403
5,"ngon , giao hàng tầm 3 ngày . giá rẻ , bài đánh giá này chủ yếu để kiếm 1000 xu tiki",2021-02-13 23:22:29,72,617,,,ProcessingStatus.PENDING,,,404
5,ngon,2021-07-10 01:25:10,72,618,,,ProcessingStatus.PENDING,,,405
5,"Đóng gói chắc chắn, giao hàng nhanh. Chất lượng gạo lức giòn ngon nhưng hơi ngọt một chút",2022-01-23 13:41:56,72,619,,,ProcessingStatus.PENDING,,,406
5,"giòn ngon, độ mặn vừa phải",2021-09-15 18:41:03,72,620,,,ProcessingStatus.PENDING,,,407
5,Dòn ngon . Giao nhanh đóng hộp nhựa đẹp. Mua thêm đang giao hàng hy vọng lần nào hàng cũng ngon . ???❤️❤️❤️❤️❤️❤️,2020-10-09 08:27:05,72,299,,,ProcessingStatus.PENDING,,,408
5,"Ship thiếu hàng cho mình, nhưng mình gọi lên thì ship bù khá nhanh, 5 sao thì xử lý nhanh. Ăn ngon.",2021-06-04 12:18:44,72,621,,,ProcessingStatus.PENDING,,,409
5,"giòn, xốp, ngon",2021-08-10 21:13:28,72,624,,,ProcessingStatus.PENDING,,,410
5,"Gạo giòn thơm….
Mà ít rong biển quớ !!!!!",2022-02-08 19:41:30,72,625,,,ProcessingStatus.PENDING,,,411
5,mình đã nhận hàng của tiki.đậu ngon và rất giòn.tụi nhỏ nhà mình pằng phát hết luôn cả hộp.sẽ mua tiếp ạ,2021-07-18 05:34:49,73,628,,,ProcessingStatus.PENDING,,,412
5,"Hàng đúng như mô tả, chất lượng ok. Tôi đã mua lần thứ 2, cảm thấy hài lòng",2021-10-11 15:02:57,73,629,,,ProcessingStatus.PENDING,,,413
5,"Giao hangg nhanh, đóng gói chắc chắn. Giao đúng đủ sp đặt mua.",2021-05-31 17:39:35,73,630,,,ProcessingStatus.PENDING,,,414
5,"hạt nhỏ giòn, ngon - hài lòng, giá phải chăng",2021-07-17 14:01:40,73,631,,,ProcessingStatus.PENDING,,,415
5,Giao hàng nhanh đóng gói kỹ. Ngon đang mua tiếp. Ăn cho đỡ buồn mùa covid. ?,2021-06-16 21:10:11,73,299,,,ProcessingStatus.PENDING,,,416
5,hơi măn,2022-08-08 11:32:13,73,632,,,ProcessingStatus.PENDING,,,417
5,"giòn, không bị hôi dầu, vị vừa vặn không mặn",2021-10-13 10:24:10,73,633,,,ProcessingStatus.PENDING,,,418
5,"Ngon, giao hàng nhanh, đóng gói cẩn thận. Giá rẻ",2021-07-03 22:52:17,73,634,,,ProcessingStatus.PENDING,,,419
5,ngon rẻ giao nhanh,2021-11-18 11:58:54,73,635,,,ProcessingStatus.PENDING,,,420
5,Tot,2021-10-21 13:01:49,73,639,,,ProcessingStatus.PENDING,,,421
5,hàng ngon,2021-08-17 08:38:29,73,642,,,ProcessingStatus.PENDING,,,422
5,Chỉ mua đồ tiki thôi vì chất lượng và uy tín,2023-01-06 13:39:56,75,647,,,ProcessingStatus.PENDING,,,423
5,"ko phải tặng khô gà mà là bịch Đậu Hà Lan rang tỏi, nhưng mà cũng ngon. Hạt điều cũng ngon - giòn",2022-12-13 14:53:25,75,648,,,ProcessingStatus.PENDING,,,424
5,Hàng đúng chất lượng như hình,2022-12-28 16:47:25,75,445,,,ProcessingStatus.PENDING,,,425
5,Ăn rất ngon,2023-12-27 21:17:28,75,650,,,ProcessingStatus.PENDING,,,426
5,mình mua hàng tiki rất yên tâm.lần sau sẽ ủng hộ dài dài,2020-07-13 20:07:42,75,651,,,ProcessingStatus.PENDING,,,427
5,"Hạt điều to, nhìn ngon sạch sẻ",2023-01-10 10:46:23,75,655,,,ProcessingStatus.PENDING,,,428
5,"Đóng gói sản phẩm chắc chắn, thời gian giao hàng nhanh, chất lượng sản phẩm ok",2022-01-16 10:17:28,75,656,,,ProcessingStatus.PENDING,,,429
5,Ok,2023-05-04 12:34:31,75,661,,,ProcessingStatus.PENDING,,,430
5,"Tẩm ướp vị hơi ngọt, nhiều ớt. Mềm dai vừa phải. Nếu chấm cùng tương ớt bỏ kèm thì hơi mặn. Đóng gói cẩn thận. Cái hũ thôi chắc bằng 1/4 giá tiền rồi.",2021-10-30 23:43:12,79,663,,,ProcessingStatus.PENDING,,,431
5,Giao hàng nhanh đóng gói cẩn thận. Chưa ăn chưa bt sp sao nên k đánh giá về chất lượng ăn ngon hay k. Nhưng nhìn bên ngoài ok ạ. Cho shop 5⭐️,2022-08-09 09:46:51,79,16,,,ProcessingStatus.PENDING,,,432
5,"tiki giao hàng rất nhanh . mới đặt hôm qua thì hôm nay nhận đc hàng . thanks shop rất nhiều nè , sẽ ủng hộ tiki dài dài nè 👍👍👍👍👍👍👍👍👍👍👍👍👍👍👍👍👍👍👍👍👍👍👍👍👍👍👍👍👍👍👍",2022-01-15 11:22:28,79,664,,,ProcessingStatus.PENDING,,,433
5,Mực tẩm ướp gia vị rất ngon và đậm đà.,2021-10-26 13:58:58,79,665,,,ProcessingStatus.PENDING,,,434
5,"Combo 2 hũ mực sấy mềm dẻo, ướt, thơm mùi mực. Vị ngọt mặn cay vừa phải rất hợp với mình. Nhưng khô hơn tí nữa thì thích hơn.",2022-07-17 12:08:28,79,666,,,ProcessingStatus.PENDING,,,435
5,"Điểm cộng đầu tiên là hàng được đóng gói cẩn thận, chất lượng khô vừa mềm,  gia vị vừa ăn không bị mặn, sẽ tiếp tục mua hàng TLP",2022-12-30 13:05:20,79,667,,,ProcessingStatus.PENDING,,,436
5,"Sp đóng gói tốt, giao nhanh, sp tươi ngon 
tốt, dịch vụ shop tốt",2022-05-23 22:43:56,79,604,,,ProcessingStatus.PENDING,,,437
5,"Sp ngon, đặt lại thôi",2021-10-12 20:20:44,79,668,,,ProcessingStatus.PENDING,,,438
5,"Sản phẩm ăn thử rất ngon, shop giao hàng nhanh mọi người nên mua 🤩😘",2022-07-28 11:32:21,79,670,,,ProcessingStatus.PENDING,,,439
5,giao hàng cực nhanh. đóng gói kĩ lưỡng.,2021-10-17 10:41:37,79,671,,,ProcessingStatus.PENDING,,,440
5,"hương vị thơm ngon, ruyệt vời🤩🤩🤩",2022-11-14 17:07:14,79,672,,,ProcessingStatus.PENDING,,,441
5,khá ngon,2022-01-01 19:55:55,79,674,,,ProcessingStatus.PENDING,,,442
5,ngon lắm,2021-12-19 22:09:49,79,675,,,ProcessingStatus.PENDING,,,443
5,Ngon,2023-03-14 13:58:34,79,676,,,ProcessingStatus.PENDING,,,444
5,Hsd t10/2023 vị ngon,2022-11-11 11:32:53,79,677,,,ProcessingStatus.PENDING,,,445
5,"giao hàng nhanh 
nhìn ngon lắm
đóng gói chắc chắn",2021-07-09 17:15:38,80,678,,,ProcessingStatus.PENDING,,,446
5,ngon lắm nha,2021-12-06 23:00:26,80,679,,,ProcessingStatus.PENDING,,,447
5,Giao hàng nhanh. Khô gà ngon,2021-08-13 21:40:42,80,476,,,ProcessingStatus.PENDING,,,448
5,"Gà vừa ăn, ngon miệng 5🌟🌟🌟🌟🌟",2021-11-19 06:19:56,80,680,,,ProcessingStatus.PENDING,,,449
5,giao nhanh 😂😋,2022-02-23 17:00:35,80,682,,,ProcessingStatus.PENDING,,,450
5,"giao rat nhanh Sp mới,date xa, minh rất hài lòng ??",2021-07-09 13:43:53,80,683,,,ProcessingStatus.PENDING,,,451
5,rất tuyệt,2022-03-01 22:30:39,80,684,,,ProcessingStatus.PENDING,,,452
5,Ngon,2022-03-25 14:44:21,80,685,,,ProcessingStatus.PENDING,,,453
5,"Ngon.Rất hài lòng🤪
.",2021-09-26 12:17:25,80,686,,,ProcessingStatus.PENDING,,,454
5,"giao nhanh,",2021-12-26 14:41:28,80,687,,,ProcessingStatus.PENDING,,,455
5,ngon,2022-01-06 12:06:11,80,688,,,ProcessingStatus.PENDING,,,456
5,"ngon, đúng khối lượng",2021-07-20 13:11:03,80,691,,,ProcessingStatus.PENDING,,,457
5,"Sản phẩm chất lượng và date xa, ngon miệng, giá cả hợp lý rất đáng mua.",2022-08-09 13:36:14,81,692,,,ProcessingStatus.PENDING,,,458
5,"cơm cháy rất ngon, ăn là ghiền, chắc đợt sau phải mua cả ký rồi. chỉ cần ăn vài miếng là no, tiện lợi cho bữa sáng. Hy vọng shop sẽ rưới nhiều nước mắm hơn, nước mắm mặn mặn ngọt ngọt trên cơm cháy ăn ngon lắm, thích còn hơn sợi gà!",2022-08-08 10:31:58,81,112,,,ProcessingStatus.PENDING,,,459
5,"Mình đặt nhiều món, Mình mới vừa nhận, Chưa ăn, ăn ngon Mình sẽ ủng hộ shop !!!",2021-08-03 13:14:23,81,693,,,ProcessingStatus.PENDING,,,460
5,Đậm vị rất ngon_lần sau nhất định sẽ mua tiếp_,2025-08-08 11:49:34,81,694,,,ProcessingStatus.PENDING,,,461
5,"Gia vị vừa ăn, hơi ít khô gà. Cơm cháy chiên nên hơi gắt dầu, ko phù hợp cho bạn nào không thích dầu. Túm lại ăn chơi cho vui cũng đỡ buồn, chứ không ngon lắm!",2022-04-10 19:58:31,81,695,,,ProcessingStatus.PENDING,,,462
5,ăn cũng giòn. 1 hộp khoản 1 gan tay.  màu sắc hình nhận khác quảng cáo . giao vụn nhiêu. ko có miếng lót bảo vệ sp khi vận chuyển,2021-07-24 16:18:01,81,696,,,ProcessingStatus.PENDING,,,463
5,Ngon mới chất lượng,2023-01-28 17:44:20,81,604,,,ProcessingStatus.PENDING,,,464
5,"cơm cháy ăn ngon lắm, hơi cứng và ít khô gà. giao hàng hơi lâu so với dự kiến",2021-08-05 16:48:05,81,698,,,ProcessingStatus.PENDING,,,465
5,Ngon,2023-01-11 13:32:58,81,699,,,ProcessingStatus.PENDING,,,466
5,"ngon nè , bổ , rẻ muốn ăn cứ gọi tiki có ngay",2022-01-03 20:13:21,81,700,,,ProcessingStatus.PENDING,,,467
5,Vị rất vừa ăn. Mua ngay khuyến mãi nên giá siêu rẻ!!,2022-07-20 01:34:51,81,701,,,ProcessingStatus.PENDING,,,468
5,ngon nhưng dầu nhiều. ăn dễ bị ghiền,2021-07-24 13:50:58,81,702,,,ProcessingStatus.PENDING,,,469
5,Thơm ngon..lọ ít hơn lần trước mua,2022-09-13 22:30:05,81,703,,,ProcessingStatus.PENDING,,,470
5,"cơm cháy giòn, không cậu lắm ,trẻ dùng được",2022-04-28 17:44:08,81,704,,,ProcessingStatus.PENDING,,,471
5,"Rất hài lòng.
muốn mua thêm 4 hũ mà chưa tìm được SP của TLP.",2021-10-13 20:06:54,81,705,,,ProcessingStatus.PENDING,,,472
5,"Tuy giao hàng hơi trễ hơn so với dự kiến nhưng chúng tôi vẫn rất hài lòng vì nhân viên giao hàng dễ thương, thân thiện. Hàng hoá không hư hỏng gì cả.",2021-08-10 16:08:08,82,711,,,ProcessingStatus.PENDING,,,473
5,"con nít mê tít nên mua , giq vị thấm chút nữa sẽ rất ngon, mà mình ko tìm rõ hạn sử dụng???..",2021-07-28 17:06:37,82,713,,,ProcessingStatus.PENDING,,,474
5,ngon..... sử dụng tốt sẽ ủng hộ tiếp,2022-04-02 19:11:51,82,504,,,ProcessingStatus.PENDING,,,475
5,"Sản phẩm giao nhanh , nhân viên nhiệt tình",2022-02-13 13:23:28,82,714,,,ProcessingStatus.PENDING,,,476
5,"Vị hơi nhạt, không đậm đà lắm",2022-01-28 18:08:08,82,305,,,ProcessingStatus.PENDING,,,477
5,"Rong biển hơi vụn
Giòn ngon
Cam ơn Shop",2021-11-08 15:07:15,82,507,,,ProcessingStatus.PENDING,,,478
5,ngon,2022-06-14 06:26:05,82,715,,,ProcessingStatus.PENDING,,,479
5,OK.ngon,2022-02-17 15:02:47,82,716,,,ProcessingStatus.PENDING,,,480
5,Ok,2021-11-15 12:41:29,82,723,,,ProcessingStatus.PENDING,,,481
1,"Treo đầu dê, bán thịt ***, *** đảo khách hàng là đây
Hình ảnh, giới thiệu chi tiết sp là combo 2 hạt điều mà giao cho khách 1 điều, 1 gà... giận và thất vọng vô cùng",2021-08-05 09:11:17,84,730,,,ProcessingStatus.PENDING,,,482
3,Đậu bị mọt hơi nhiều Ăn trúng là phun ra liền.,2021-07-09 16:04:16,84,731,,,ProcessingStatus.PENDING,,,483
5,Hạt điều hơi mặn chút vì mình ăn nhạt quen rồi nhưng túm lại là ngon,2021-06-22 12:48:22,84,733,,,ProcessingStatus.PENDING,,,484
1,hạt điêu hư hỏng mà cũng giao đúng là hết nói nổi,2021-08-07 10:28:32,84,734,,,ProcessingStatus.PENDING,,,485
3,rang hạt bị cháy quá nhiều,2021-08-08 11:38:04,84,735,,,ProcessingStatus.PENDING,,,486
5,tạm được,2021-07-19 13:54:19,84,736,,,ProcessingStatus.PENDING,,,487
1,Toàn hạt điều xấu k,2020-08-17 18:12:06,84,737,,,ProcessingStatus.PENDING,,,488
5,OK ne,2020-11-11 18:46:27,84,738,,,ProcessingStatus.PENDING,,,489
5,Ngon,2020-09-22 08:02:35,84,739,,,ProcessingStatus.PENDING,,,490
3,"Khô mực khá là ngọt, nên cải thiện thêm",2022-06-19 11:46:54,92,740,,,ProcessingStatus.PENDING,,,491
3,Quá ngọt!!!!!!!!!!!!!!!!!!,2021-12-01 08:42:51,92,741,,,ProcessingStatus.PENDING,,,492
1,Gói hàng ẩu giao thiếu . Khong chịu trách nhiệm minh co cả video,2022-03-24 14:05:55,92,742,,,ProcessingStatus.PENDING,,,493
5,"Shop chuẩn bị hơi lâu, giao hàng nhanh. Vị mực ngọt do có đường nên mấy bạn không thích ngọt chú ý, mực mới khui thì khô, để mấy ngày có hiện tượng hơi ẩm",2022-01-15 16:40:20,92,743,,,ProcessingStatus.PENDING,,,494
1,Tôi quá sai lầm vì tin tiki  (hàng này có dấu hiệu *** đảo  vì quảng cáo là mực nhưng ăn thử thì không nhận ra chế biến bằng nguyên liệu gì....).,2022-08-21 22:32:38,92,744,,,ProcessingStatus.PENDING,,,495
5,"Sản phẩm chất lượng , ngon vừa ăn đóng gói kĩ , giao hàng nhanh sẽ ủng hộ tiếp",2022-01-17 14:15:08,92,745,,,ProcessingStatus.PENDING,,,496
5,"Gia đình rất thích ăn, nhâm nhi bia nữa thì tuyệt",2021-08-13 21:11:58,92,746,,,ProcessingStatus.PENDING,,,497
5,"Sản phẩm mới sản xuất, ăn rất ngon, giá thành ổn, nên mua nhé mọi người",2022-01-03 11:04:40,92,413,,,ProcessingStatus.PENDING,,,498
4,ko phải mực thật. nhưng cũng khá ngon.,2022-05-09 07:13:35,92,750,,,ProcessingStatus.PENDING,,,499
1,Mực ăn không nghe mùi mực mà vị bột nhám nhám miệng không ngon.,2021-09-16 20:00:49,92,751,,,ProcessingStatus.PENDING,,,500
1,mực dai và cứng hơn so với khi mua hộp nhỏ,2022-01-30 13:46:12,92,752,,,ProcessingStatus.PENDING,,,501
2,"ngọt quá, ăn không thấy mùi mực.",2021-12-17 19:52:54,92,597,,,ProcessingStatus.PENDING,,,502
5,sản phầm ngon giá rẻ,2022-01-25 15:37:50,92,632,,,ProcessingStatus.PENDING,,,503
4,"Bị khô , hơi cứng",2021-12-10 12:57:37,92,754,,,ProcessingStatus.PENDING,,,504
5,Mực siêu ngon nha,2021-11-26 18:20:12,92,755,,,ProcessingStatus.PENDING,,,505
5,"Đóng gói đẹp , chưa ăn nhưng để làm quà tặng.",2024-12-24 02:38:11,93,756,,,ProcessingStatus.PENDING,,,506
5,"Ăn ngon, vừa miệng",2023-12-11 21:26:49,93,140,,,ProcessingStatus.PENDING,,,507
2,Sản phẩm ko đạt chất lượng có tóc trong bao thành phẩm,2024-11-09 17:23:23,87,760,,,ProcessingStatus.PENDING,,,508
5,hạt ngon lắm,2020-12-02 16:05:13,91,763,,,ProcessingStatus.PENDING,,,509
5,Zzzzzzzzzzzzx,2020-11-26 12:36:13,91,299,,,ProcessingStatus.PENDING,,,510
3,Hạt loại thường / nhỏ. Không phải hàng tuyển,2024-12-30 19:43:48,91,767,,,ProcessingStatus.PENDING,,,511
1,"hạn dùng 1 năm, ngày đóng gói cách ngày mở ra 20 ngày mà bị gắt dầu hết 1 nửa, hạt teo nhỏ tùm lum nói chi 1 năm chắc lên mốc luôn. lần đầu cũng như lần cuối...",2021-04-01 22:43:42,91,768,,,ProcessingStatus.PENDING,,,512
5,"Hạt ko bị vỡ nhiều, to đều, đóng gói kĩ càng.",2024-01-21 00:04:40,95,177,,,ProcessingStatus.PENDING,,,513
5,"Vị vừa ăn, nhưng bị lẫn một số hạt không đảm bảo chất lượng",2021-08-08 18:50:53,95,770,,,ProcessingStatus.PENDING,,,514
5,vì ngon wa. ăn còn nhiu đó. wen chụp gửi like cho shop.rất hài lòng. và lòng tin ở shop. nhất định ủng hộ dài lâu,2021-03-23 22:24:56,95,771,,,ProcessingStatus.PENDING,,,515
5,Ngon,2021-07-27 23:02:36,95,773,,,ProcessingStatus.PENDING,,,516
5,hạt  điều  rất  ngon nhờ  có  gia vị  ngọt  và  cay .,2021-08-15 20:57:38,95,774,,,ProcessingStatus.PENDING,,,517
5,"Ăn cay cay, nêm vừa ăn nên ăn rất ngon",2022-01-08 22:56:24,95,775,,,ProcessingStatus.PENDING,,,518
5,"chất lượng, kỳ sau mua thêm",2022-01-24 11:23:18,95,579,,,ProcessingStatus.PENDING,,,519
5,👍👍😀,2022-01-20 17:16:39,95,777,,,ProcessingStatus.PENDING,,,520
5,"Thơm ngon, đáng để mua, ngồi nhâm nhi tám chuyện với hội chị em thì tuyệt hihi",2020-07-18 20:05:40,95,778,,,ProcessingStatus.PENDING,,,521
5,"Hương vị thơm ngon , nên mua nhé mn",2024-03-12 18:27:38,96,786,,,ProcessingStatus.PENDING,,,522
5,Nhìn rất ok.con đợi thử mới đánh gia tiep,2022-12-28 05:55:17,96,787,,,ProcessingStatus.PENDING,,,523
5,"Mực ok lắm , do dịch nên chờ hơi lâu",2021-08-16 13:32:59,96,248,,,ProcessingStatus.PENDING,,,524
5,Tốt,2022-01-11 19:28:17,96,790,,,ProcessingStatus.PENDING,,,525
5,ok,2021-08-13 16:55:08,96,793,,,ProcessingStatus.PENDING,,,526
1,"Mực mùi vị khác với những lần trước mình mua. Không ngon, sẽ không mua lại!",2024-06-01 11:26:08,96,179,,,ProcessingStatus.PENDING,,,527
4,.................,2021-09-27 17:41:12,96,795,,,ProcessingStatus.PENDING,,,528
4,Ngon,2021-07-26 18:08:34,96,797,,,ProcessingStatus.PENDING,,,529
4,tạm,2021-11-04 16:19:08,97,798,,,ProcessingStatus.PENDING,,,530
4,Không giòn,2021-08-15 07:04:32,97,530,,,ProcessingStatus.PENDING,,,531
1,Mình vừa nhận mít sấy. Tuy nhiên sản phẩm quá mềm ko ăn được. Mong tiki thu hồi và đổi hàng hoặc hoàn tiền. Mình còn đặt thêm 1 hũ dừa khô nhưng chưa giao. Hy vọng sản phẩm ok. Thất vọng đối với nhà cung cấp này.,2021-07-18 16:43:40,97,799,,,ProcessingStatus.PENDING,,,532
5,"Từ lâu nay con mình chỉ thích sản phẩm cùng loại cảu Vinamit, giờ mình có thêm một lựa chọn. Có thể nói con mình thích mít sấy của Tân Lộc Phát hơn sau khi dùng thử. Tuy nhiên nhà sản xuất nên chú ý cải thiện độ an toàn của nắp hộp",2021-08-08 15:12:20,97,800,,,ProcessingStatus.PENDING,,,533
3,"Hương vị ổn.
Nhưng mít bị yểu, không giòn nữa.",2023-06-12 20:58:34,97,11,,,ProcessingStatus.PENDING,,,534
5,Chỉ mua đồ tiki thôi vì chất lượng và uy tín,2023-01-06 13:40:20,97,647,,,ProcessingStatus.PENDING,,,535
1,"Mít rất dở và bị xìu, rất không hài lòng",2021-11-23 20:22:52,97,801,,,ProcessingStatus.PENDING,,,536
1,"sản phẩm mít sấy quá khét, và iểu,. rât thất vọng khi mua nó",2021-08-11 12:12:15,97,802,,,ProcessingStatus.PENDING,,,537
1,mít mềm dai ăn không ngon,2021-12-08 22:06:53,97,803,,,ProcessingStatus.PENDING,,,538
3,Chuối bị ỉu mềm không ròn,2021-09-29 09:25:01,97,804,,,ProcessingStatus.PENDING,,,539
1,"sản phẩm mềm và bở, không ngon",2021-07-22 16:03:39,97,805,,,ProcessingStatus.PENDING,,,540
5,ngon,2021-10-13 12:25:28,97,806,,,ProcessingStatus.PENDING,,,541
5,"Hàng giao nhanh hôm trước đặt hôm sau đã có rồi
Gạo giòn thơm, Rong biển miếng to quá mình ko thích lắm",2021-11-18 16:55:29,99,813,,,ProcessingStatus.PENDING,,,542
5,"Mình rất hài lòng Sp thơm giòn, rất ngon ko hề bị ngán, cả nhà ai cũng thích mà đieu đặc biệt là tốt cho phụ nữ mang thai lắm. Tiki giao hàng nhanh. Hết mình sẽ ủng hộ shop tiếp. hộp 0.5kg to chà bá mà có 39k.",2021-06-24 17:12:30,99,814,,,ProcessingStatus.PENDING,,,543
5,"Gạo lức giòn, giao hàng nhanh, đóng gói cẩn thận",2023-11-10 19:53:17,99,70,,,ProcessingStatus.PENDING,,,544
5,"Đã dùng hết 2/3 hộp để ăn sáng cùng sữa tươi. Hạt giòn, vị vừa miệng, thích hợp ăn kiêng. Giá khuyến mãi 77k/1kg là giá rất tốt. Giao hàng nhanh hơn dự kiến.",2021-06-16 18:10:29,99,815,,,ProcessingStatus.PENDING,,,545
5,"gạo lứt ngon giòn, vừa miệng, giao hàng nhanh, tuy nhiên hơi có mùi chắc là mùi đặc trưng của gạo lứt và rong biển. mn nên mua nhé",2021-11-14 19:46:46,99,174,,,ProcessingStatus.PENDING,,,546
5,"Hàng ok chất lượng cao, shop khuyến mãi đậm, giao hàng nhanh, nói chung là xứng đáng 10 điểm cảm ơn ạ",2021-09-17 12:30:21,99,817,,,ProcessingStatus.PENDING,,,547
5,"Ta nói nó ngon dì đâu ák :))))))))) má ăn quay qua quay lại hết nửa hộp
Muốn trừ sao của shop do mua về xong chắc tăng cân quá chòi oi!!!",2022-01-16 19:15:18,99,818,,,ProcessingStatus.PENDING,,,548
5,"Tuy giao hàng hơi trễ hơn so với dự kiến nhưng chúng tôi vẫn rất hài lòng vì nhân viên giao hàng dễ thương, thân thiện. Hàng hoá không hư hỏng gì cả.",2021-08-10 16:08:13,99,711,,,ProcessingStatus.PENDING,,,549
5,"chất lượng tốt, ăn ngon, giao hàng nhanh",2021-06-06 22:32:10,99,819,,,ProcessingStatus.PENDING,,,550
5,Mua được lúc giá rẻ nên thấy ok. 1 hũ nhìu ghê. hơi ít rong biển nhưng nói chung ăn tốt.,2021-08-04 12:11:03,99,615,,,ProcessingStatus.PENDING,,,551
5,"Chất lượng ổn, tiki chú ý khâu gói hàng ăn, dán 1 vòng keo giữ nắp hộp lại nha chứ mua 2 hộp mà 1 hộp bụng nắp đổ ra nên ỉu mất nè",2021-07-05 17:48:18,99,820,,,ProcessingStatus.PENDING,,,552
5,"Sản phẩm dùng ngon, đong gói sản phẩm cẩn thận, thời gian giao hàng rất nhanh",2021-05-11 15:41:14,99,392,,,ProcessingStatus.PENDING,,,553
5,"Gạo ngon vị vừa ăn, đóng gói chắc chắn, lần sau ủng hộ tiếp.",2021-07-31 20:00:49,99,822,,,ProcessingStatus.PENDING,,,554
5,giao hàng siêu nhanh,2022-07-16 10:55:20,99,666,,,ProcessingStatus.PENDING,,,555
5,"Hạt gạo ngon, giòn, thơm, vị đậm đà.
Mình mua cả 2 loại đều rất ngon",2021-05-27 19:11:36,99,297,,,ProcessingStatus.PENDING,,,556
5,Sẽ tiếp tục mua,2023-09-14 19:09:13,99,823,,,ProcessingStatus.PENDING,,,557
5,giao nhanh. mua với giá rẻ và chất lượng,2021-12-19 11:09:21,99,824,,,ProcessingStatus.PENDING,,,558
5,"khá là ok, giòn, vừa ăn, ko cay lắm",2021-12-09 18:25:52,100,149,,,ProcessingStatus.PENDING,,,559
5,ngon trong tầm giá,2021-07-25 14:18:21,100,829,,,ProcessingStatus.PENDING,,,560
5,"Đã nhận dc hàng , kính thưa các loại đậu đều ngon , có mỗi đậu phộng",2021-07-17 10:25:44,100,830,,,ProcessingStatus.PENDING,,,561
5,cũng đc,2022-04-03 21:11:34,100,340,,,ProcessingStatus.PENDING,,,562
5,Ngon,2021-11-17 20:06:57,100,836,,,ProcessingStatus.PENDING,,,563
5,"Tiki gửi hàng chậm, nhưng shop gửi sản phẩm tốt. Cảm ơn shop nhé. Tặng shop 5 sao.",2023-02-11 12:08:39,101,837,,,ProcessingStatus.PENDING,,,564
5,"Ngon dễ ăn, ko quá ngọt",2023-11-28 21:42:33,101,140,,,ProcessingStatus.PENDING,,,565
5,"Chưa ăn nhưng thấy hộp sạch sẽ, ko bị vụn, hình thức ok.",2022-12-23 21:13:35,102,381,,,ProcessingStatus.PENDING,,,566
1,vị đắng mùi ghê vứt luôn 2  hộp không nên dở tệ,2023-02-05 18:15:56,102,847,,,ProcessingStatus.PENDING,,,567
5,Không quá ngọt và không quá chua,2024-09-13 10:15:29,105,80,,,ProcessingStatus.PENDING,,,568
4,"Hàng giao sớm, chất lượng tốt",2024-09-14 14:23:25,106,849,,,ProcessingStatus.PENDING,,,569
5,"Ngon, đóng gói sạch đẹp, thông tin đầy đủ",2024-10-28 18:44:29,107,33,,,ProcessingStatus.PENDING,,,570
5,Ngon nhe,2025-02-21 09:49:37,111,850,,,ProcessingStatus.PENDING,,,571
5,"đậu hà lan nhìn có vẻ ngon,hợp vệ sinh.. giao hàng nhanh",2022-01-25 19:47:49,112,438,,,ProcessingStatus.PENDING,,,572
5,"đã nhận đủ 2 hủ đậu hà lan dùng thấy ngon dòn vị mặn vừa phải, nên mua",2021-08-14 11:26:40,112,851,,,ProcessingStatus.PENDING,,,573
5,"Ms ăn sẽ thấy bt, mà càng ăn sẽ càng thấy ghiền. M ăn chay nên ăn luôn vs cơm gạo lứt",2020-12-09 15:41:45,112,852,,,ProcessingStatus.PENDING,,,574
5,"sản phẩm ăn ngon, giòn...thích lắm",2021-08-08 12:42:23,112,853,,,ProcessingStatus.PENDING,,,575
5,"Ăn ngon, giá rẻ, giao nhanh",2021-08-12 15:48:42,112,854,,,ProcessingStatus.PENDING,,,576
5,"Ngon, giòn",2022-09-26 10:58:23,112,855,,,ProcessingStatus.PENDING,,,577
5,"Ngon, giòn ...chỉ ghét lấy tiền vận chuyển dù mua trên 250 k",2021-01-25 12:04:11,112,856,,,ProcessingStatus.PENDING,,,578
5,tốt,2021-09-16 02:45:24,112,857,,,ProcessingStatus.PENDING,,,579
5,ngon,2021-07-10 12:28:04,112,862,,,ProcessingStatus.PENDING,,,580
5,"Hàng giao nhanh, đủ 2 gói mà tuy nhiên trên gói có 2 mức 350g vs 500g mà ko thấy tick vào 500g",2021-10-02 14:34:22,113,870,,,ProcessingStatus.PENDING,,,581
5,"Hạt giòn dể bóc võ, béo",2022-01-15 16:37:59,113,871,,,ProcessingStatus.PENDING,,,582
5,Ăn ngon,2022-01-18 18:53:25,113,874,,,ProcessingStatus.PENDING,,,583
5,Tốt,2021-10-10 20:13:29,113,877,,,ProcessingStatus.PENDING,,,584
5,sản phẩm ok,2021-08-09 23:00:48,113,878,,,ProcessingStatus.PENDING,,,585
5,Ngon,2021-10-10 14:27:45,113,879,,,ProcessingStatus.PENDING,,,586
1,shop là cty thực phẩm lớn sao lại cố tình giao hàng hư? mất lòng tin luôn! 😡,2021-12-18 16:11:06,113,881,,,ProcessingStatus.PENDING,,,587
1,"Sản phẩm chất lượng tốt, hạt bị hôi khá nhiều, shop lần sau giao sản phẩm có tâm giùm mình",2024-02-27 10:58:37,113,882,,,ProcessingStatus.PENDING,,,588
2,Hạt quá cứng và shop không tặng đồ mở hạt đi cùng. Phải lấy búa để đập quá vất vả,2022-12-08 21:22:15,113,883,,,ProcessingStatus.PENDING,,,589
1,"Hạt óc *** bị mốc gần hết, rất chua, không thể ăn nổi...",2021-12-10 22:14:49,113,884,,,ProcessingStatus.PENDING,,,590
3,Hạt bị hư nhiều quá ..........,2023-03-16 16:10:09,113,885,,,ProcessingStatus.PENDING,,,591
1,sản phẩm kém hàng giao Toàn hư nhiều,2021-12-20 13:46:14,113,886,,,ProcessingStatus.PENDING,,,592
4,chất lượng hạt thấp,2021-11-28 12:16:19,113,887,,,ProcessingStatus.PENDING,,,593
5,"Nói chung bé nhà mình thích, trộn cả rong và tỏi vào ăn cùng cơm hoặc ăn chơi, bé khen ngon. Còn mình thì không hợp lắm vì thấy tanh",2022-07-30 08:33:40,114,140,,,ProcessingStatus.PENDING,,,594
5,"1 hũ 100g, cũng nhỏ bằng bàn tay chứ không lớn như quảng cáo. Tỏi cháy ngon, mình cứ nghĩ sẽ không ăn được do mình không ăn tỏi, nhưng phi lên đã hết mùi, ăn chung vs rong biển ngon lắm. 100g là tính luôn cả hộp hay sao í",2024-03-24 15:21:29,114,888,,,ProcessingStatus.PENDING,,,595
5,"Mình mua lúc giá 84k/combo 4 hộp 100gr. Con gái đặc biệt thích ăn loại này, tí cái đã ăn vã hết nhẵn hộp. Mình thì thấy vị hơi mặn, ăn với cơm trắng nóng hổi ngon.",2022-12-22 09:21:15,114,282,,,ProcessingStatus.PENDING,,,596
5,"Sp đóng gói tốt, giao nhanh, sptốt, dịch vụ shop tốt",2022-05-23 22:44:16,114,604,,,ProcessingStatus.PENDING,,,597
5,"Vị ngon, vừa đủ nhưng cảm giác dầu thừa hơi nhiều, hv các bạn nhỏ sẽ thích",2021-06-14 13:47:17,114,889,,,ProcessingStatus.PENDING,,,598
5,"Ăn tạm được, rong biển ăn thì mát phải biết rồi.
ai táo bón nên dùng để hỗ trợ dễ ỉa nhé.😄😄",2021-12-06 22:24:30,114,891,,,ProcessingStatus.PENDING,,,599
5,ok hàng như hình,2023-08-25 15:28:00,114,892,,,ProcessingStatus.PENDING,,,600
5,"rong biển ngon, vừa miệng. tiki giao hàng nhanh, hài lòng với sản phẩm",2022-06-20 10:15:51,114,893,,,ProcessingStatus.PENDING,,,601
5,"Ngon , giao hàng nhanh, nhưng mà hơi vụng một chút nha",2022-08-15 18:38:52,114,894,,,ProcessingStatus.PENDING,,,602
5,"combo 4 hũ giá mềm dưới 100k, nhưng khối lượng sản phẩm có vẻ không đồng đều. vẫn cho 5 sao.",2021-06-18 17:45:07,114,895,,,ProcessingStatus.PENDING,,,603
5,Ngon nha. Em gái mình rất thích 😄,2023-10-02 20:35:50,114,897,,,ProcessingStatus.PENDING,,,604
5,"giao hàng nhanh, đóng gói cẩn thận, hsd rõ ràng.",2023-01-14 13:21:13,114,311,,,ProcessingStatus.PENDING,,,605
1,"Chất lượng quá tệ; 
Cân ko đủ 450g; cân ăn gian",2025-12-17 07:27:46,115,904,,,ProcessingStatus.PENDING,,,606
1,không ngon ăn hôi dầu,2020-07-01 12:52:36,115,905,,,ProcessingStatus.PENDING,,,607
5,xe hôi dâu không ăn dc.hà bán *** đảo.,2024-11-02 09:00:10,116,911,,,ProcessingStatus.PENDING,,,608
5,Tốt,2025-11-01 13:53:21,118,912,,,ProcessingStatus.PENDING,,,609
1,cứng ngắt và ko biêt có phải bò tươi ko hay bò hư tẩm gia vị nếu làm như vậy sẽ mất lương tâm khó tin tưởng,2021-11-10 15:07:41,119,913,,,ProcessingStatus.PENDING,,,610
5,Gia vị rất vừa ăn ...tuy hơi bị khô xíu nhé shop .,2022-07-05 13:58:49,119,914,,,ProcessingStatus.PENDING,,,611
5,"Đậu giòn, mặn mặn, thơm",2022-09-21 14:00:35,120,916,,,ProcessingStatus.PENDING,,,612
5,"Đóng hộp cẩn thận, giòn ngon, vị vừa miệng, rất thích",2021-06-06 09:43:35,120,918,,,ProcessingStatus.PENDING,,,613
5,Hơi cứng chút,2022-03-12 09:33:42,120,919,,,ProcessingStatus.PENDING,,,614
5,hài lòng,2021-08-14 15:52:45,120,922,,,ProcessingStatus.PENDING,,,615
5,ngon lắm lun,2021-05-10 10:26:19,120,925,,,ProcessingStatus.PENDING,,,616
4,Mình đặt loại muối nhưng lại giao tỏi ớt. Giao hàng nhanh trước ngày dự kiến nên thôi tạm hài lòng.,2021-10-20 21:05:32,120,929,,,ProcessingStatus.PENDING,,,617
2,"hạt đậu quá cứng, ko như quảng cáo",2021-07-21 18:58:21,120,586,,,ProcessingStatus.PENDING,,,618
1,Đậu không ngon...........,2021-09-29 18:01:52,120,930,,,ProcessingStatus.PENDING,,,619
5,"Sản phẩm có chất lượng đúng như mô tả, đóng gói chắc chắn, rất đáng tiền, giao hàng nhanh.
P/s: Không có thời gian chụp hình nên mình lấy đỡ hình trên mạng up",2022-07-22 16:40:13,134,932,,,ProcessingStatus.PENDING,,,620
5,"Chờ khá lâu cuối cùng cũng tới 😅. Sản phẩm tốt, đát từ 16/8/2021 đến 16/8/2022, rất xa. Tuy nhiên không thơm ngon bằng khô gà lá chanh",2021-09-21 16:26:07,134,933,,,ProcessingStatus.PENDING,,,621
5,"Khô gà thơm ngon mùi bơ tỏi vị nêm ngọt, tôi phải xay nhuyễn muối rồi nêm lại cho hợp khẩu vị, shop uy tín, date xa, giá bình dân.",2023-05-30 10:39:21,134,440,,,ProcessingStatus.PENDING,,,622
5,"Giao hàng nhanh, nhân viên thân thiện
Date sản xuất xa.
Cảm ơn Shop
Chúc mừng năm mới! 
Mua may bán đắt ạh.",2021-02-07 16:12:00,134,934,,,ProcessingStatus.PENDING,,,623
5,"Khô gà vị cay cay mặn mặn, ăn khá ngon. Shop giao hàng đúng khối lượng, date xa, cộng thêm săn được deal chỉ 77k cho 1kg khô gà thì phải nói là quá hời luôn. Có dịp sẽ thử thêm các vị khác của shop. Thanks!",2021-07-08 08:05:56,134,935,,,ProcessingStatus.PENDING,,,624
5,"Khô gà mềm, ngon ăn nghiện thật sự, nhâm nhi qua mùa giãn cách là hết bài luôn",2021-08-23 19:13:35,134,936,,,ProcessingStatus.PENDING,,,625
5,Ngon lắm,2024-10-11 00:29:07,134,937,,,ProcessingStatus.PENDING,,,626
5,hình ảnh mang tính chất lấy xu...mình có đơn hàng đặt hơn nữa tháng mà tiki chưa giao ko biết sao liên lạc,2021-08-09 10:31:36,134,938,,,ProcessingStatus.PENDING,,,627
5,Hàng đóng gói cẩn thận. Giao nhanh,2021-08-21 15:32:55,134,939,,,ProcessingStatus.PENDING,,,628
5,"Giao đúng đủ số lượng, giao hành nhanh, đóng gói cẩn thận, hài lòng về chất lượng sản phẩm",2021-06-12 13:29:12,134,940,,,ProcessingStatus.PENDING,,,629
5,đúng với hình ảnh. Ăn cũng ngon. chúc shop đắt hàng,2022-01-27 21:50:33,134,941,,,ProcessingStatus.PENDING,,,630
5,hàng nhìn giống như quản cáo ăn ngon miệng ăn được giá có vẻ cũng được,2021-07-07 13:21:06,134,943,,,ProcessingStatus.PENDING,,,631
5,"Khô gà thơm, đậm đà. Vị tỏi không rõ lắm nhưng cũng khá ngon",2021-05-27 19:13:00,134,297,,,ProcessingStatus.PENDING,,,632
5,Thơm ngon,2023-08-28 17:48:46,134,944,,,ProcessingStatus.PENDING,,,633
5,"loại này thì ngọt hơn, cũng k cay như khi ăn khô gà lá chanh, ăn thử cũng lạ miệng. 2 hộp rất đầy, đáng tiền mua.",2021-05-10 13:03:17,134,945,,,ProcessingStatus.PENDING,,,634
5,Sản phẩm rất tuyệt vời ngon miệng,2021-08-09 10:55:10,134,946,,,ProcessingStatus.PENDING,,,635
5,"mới – Nhận thưởng tới 500K
Trở thành khách hàng mới của CIMB và nhận thưởng đến 500K khi mở Tài khoản Tiền gửi Thông minh và Thẻ Ghi nợ CIMB Visa Debit!

Thời gian khuyến mãi
Từ ngày 15/07/2024 đến ngày 15/01/2025 hoặc đến khi hết ngân sách cho Chương trình, tùy điều kiện nào đến trước.

Sản phẩm áp dụng
Tài khoản Thanh toán (Spend Account), Tài khoản Tiền gửi Thông minh, Thẻ ghi nợ CIMB  Visa Debit do Ngân hàng CIMB Việt Nam phát hành.

Đối tượng áp dụng
Khách hàng mới chưa từng sử dụng bất kỳ sản phẩm, dịch vụ nào của CIMB

Thể lệ chương trình
a) Tặng 1*** VNĐ cho Khách hàng thực hiện:

Mở Tài khoản Thanh toán trên ứng dụng OCTO by CIMB, và
Đăng ký tham gia sản phẩm Tài khoản Tiền gửi thông minh trong cùng tháng với ngày mở Tài khoản thanh toán (Spend Account) trên ứng dụng OCTO by CIMB, và
Có tối thiểu 01 Tài khoản Tiền gửi Thông minh được mở thành công trong vòng 30 ngày kể từ khi đăng kí tham gia sản phẩm.
 

b) Tặng thêm tiền thưởng khi Khách hàng mở Thẻ Ghi nợ CIMB Visa Debit, cụ thể:

Tặng 1*** VNĐ khi có tổng giao dịch thanh toán chi tiêu trên thẻ từ 2.*** VNĐ trong vòng 30 ngày kể từ ngày đăng kí tham gia sản phẩm Tài khoản Tiền gửi Thông minh, hoặc
Tặng 4*** VNĐ khi có tổng giao dịch phẩm thanh toán chi tiêu trên thẻ từ 5.*** VNĐ trong vòng 30 ngày kể từ ngày đăng kí tham gia sản phẩm Tài khoản Tiền gửi Thông minh.
 

Số tiền không được tính vào giá trị chi tiêu để tham gia Chương trình bao gồm:

Số tiền các giao dịch chuyển khoản; rút/ứng tiền mặt, thanh toán lãi, phí;
Số tiền các giao dịch bị hoàn/ hủy;
Số tiền giao dịch thanh toán tại các đại lý thanh toán hóa đơn tiện ích bao gồm giao dịch thanh toán điện, nước, điện thoại, internet, truyền hình, giao dịch kinh doanh tiền tệ, giao dịch top-up ví điện tử;
Số tiền giao dịch tại các Đơn vị chấp nhận thẻ (“ĐVCNT”) cung cấp dịch vụ quảng cáo trực tuyến như Google Ads, *** Ads;
Số tiền các giao dịch mà CIMB nghi vấn là Giao dịch khống hoặc đánh giá cho rằng có dấu hiệu trục lợi, *** dựa trên những bất thường về hành vi, tần suất, giá trị giao dịch chi tiêu của khách hàng trong từng thời kỳ;
Các trường hợp khác theo chính sách của CIMB trong từng thời kỳ. Nhập mã trong phần giới thiệu 2424Z6u2 để hưởng trọn vẹn tất cả các ưu đãi",2024-07-29 15:17:53,135,7,,,ProcessingStatus.PENDING,,,636
5,Tuy có bị hao hụt 1 xíu nhưng đây vẫn có thể chấp nhận được. Màn bọc thực phẩm rất đúng tiêu chuẩn( ko bị thoát hơi). Tuy chưa ăn nhưng vẫn có sự yên tâm nhất định khi mới nhận hàng --> Mong shop khắc phục về mặt khối lượng và chúc shop buôn may bán đặt ạ!!,2021-07-20 13:13:35,135,691,,,ProcessingStatus.PENDING,,,637
5,"Từ lúc biết đến shop, mỗi tháng luôn đặt bộ 3: 1kg hạt điều, 1kg khô gà, 1kg lạp xưởng. Tháng này đổi gió mua thêm em cơm cháy, miếng cơm giòn ngon, phần khô khá vừa miệng, sáng lười ăn gì thì bóc vài miếng nhai cũng đủ no bụng rồi. Nhưng vẫn yêu khô gà nhất!",2022-06-09 17:02:09,135,112,,,ProcessingStatus.PENDING,,,638
5,"Khô gà và cơm cháy giòn tan, thơm lừng. Vị mặn mặn, ngọt ngọt ăn rất hao ạ. He he. Chất lượng tuyệt vời luôn. Chất lượng rất xứng đáng với giá tiền. Chắc chắn sẽ mua ủng hộ shop thêm. Cảm ơn shop và Tiki nhiều nhé!",2022-01-15 07:55:10,135,947,,,ProcessingStatus.PENDING,,,639
5,"cảm ơn shop mình đã nhận được hàng rồi,, ngon nha mọi người ơi,,,, đáng mua lắm,,,,, cảm ơn mấy a giao hàng rất nhiều nha 💖",2022-06-21 09:52:03,135,948,,,ProcessingStatus.PENDING,,,640
5,"Khô giòn, vị hoà quyện nhau. Gà  khô vị hài hoà. Bạn nào không ăn được cay cũng có thể ăn được. Mình mua khô gà, khô mực, com cháy thì cơm là ngon hơn cả.",2022-07-17 12:20:15,135,666,,,ProcessingStatus.PENDING,,,641
5,"Cơm cháy ngon lắm á mn, mua lúc được giảm giá lại còn tuyệt hơn nữa, hơi ít khô gà nhưng mà ăn cũng cuốn lắmmmm, sẽ ủng hộ tiếp",2022-06-27 17:37:35,135,949,,,ProcessingStatus.PENDING,,,642
5,"Sản phẩm ăn khá thích, tầm giá ổn nên thử nhé mọi người.",2022-11-26 06:46:13,135,950,,,ProcessingStatus.PENDING,,,643
5,cơm cháy ngon. Cảm ơn Shop nhé. tặng Shop 5 sao hihihi,2023-02-11 12:09:46,135,837,,,ProcessingStatus.PENDING,,,644
5,"Sản phẩm này đánh giá ở mức ổn, hơi hôi dầu nhưng lúc buồn mồm ăn cũng ok.",2022-03-14 13:43:24,135,951,,,ProcessingStatus.PENDING,,,645
5,"Sp đóng gói tốt, giao nhanh, sp chất liệu tốt, dịch vụ shop tốt",2022-05-29 21:12:15,135,604,,,ProcessingStatus.PENDING,,,646
5,Cũng tạm được với giá này hơi ít khô gà muốn giòn ngon thì nướng cơm cháy lại,2022-12-03 14:41:58,135,954,,,ProcessingStatus.PENDING,,,647
5,"tặng thêm bịch khô bò sợi nhậu bia Tiger, Heineken là đẳng cấp luôn nghe :)",2021-07-11 11:44:39,135,956,,,ProcessingStatus.PENDING,,,648
5,Khô gà khá ngon nhưng mình thích ăn cơm cháy hơn ạ.he,2021-12-04 10:40:31,135,957,,,ProcessingStatus.PENDING,,,649
5,Ok,2024-02-11 11:58:22,135,10,,,ProcessingStatus.PENDING,,,650
5,rất ngon,2022-06-26 14:16:27,135,419,,,ProcessingStatus.PENDING,,,651
5,phạt mức án 30 năm tù và bồi thường hơn 18.000 tỷ đồng liên quan xảy ra tại TrustBank nhưng vì lý do sức khỏe nên bà này chưa thể thi hành án và đã qua đời.,2023-02-15 11:17:17,121,101,,,ProcessingStatus.PENDING,,,652
5,"Thịt bò ngon, mềm dai, vị đậm đà",2021-09-02 18:37:47,121,962,,,ProcessingStatus.PENDING,,,653
5,ngon,2022-02-17 15:02:25,121,716,,,ProcessingStatus.PENDING,,,654
5,Sản phẩm giống như mô tả,2021-07-19 10:56:21,121,964,,,ProcessingStatus.PENDING,,,655
5,"ngon, không bị hôi dầu.

mình mua của shop hầu như cách 1 hoặc 2 tháng đặt một lần mấy sản phẩm, nhưng từ đầu năm tới giờ chất lượng đi xuống quá, thật đáng tiếc.",2023-04-25 15:58:03,122,112,,,ProcessingStatus.PENDING,,,656
5,"đậu phộng ngon lắm nha mọi người nên mua ăn,,, mình mua được mấy lần rồi lần nào cũng hài lòng hết cảm ơn shop nhiều,, và trang mạng điện tử Tiki 💖💖💖👍👍👍",2022-07-29 15:19:50,122,948,,,ProcessingStatus.PENDING,,,657
5,Ngon lắm luôn mn. Đậu thơm ngon giòn. Không có bị mốc gì nha.,2022-06-08 18:49:37,122,975,,,ProcessingStatus.PENDING,,,658
5,Hàng đúng chất lượng như hình,2022-12-28 16:47:34,122,445,,,ProcessingStatus.PENDING,,,659
5,Ngon nhé,2023-01-01 19:11:50,122,446,,,ProcessingStatus.PENDING,,,660
5,Ngon bổ rẻ,2022-10-11 13:34:49,122,978,,,ProcessingStatus.PENDING,,,661
5,"Thời gian giao hàng nhanh.
Sản phẩm đóng gói cẩn thận.
Đậu bùi, béo, nhâm nhi ngon miệng.",2021-02-15 06:48:52,122,979,,,ProcessingStatus.PENDING,,,662
5,mới nhận được 1kg đậu phộng da cá nước cốt dừa của shop.nhìn thấy ngon .chưa ăn thử .tặng shop 5sao,2021-10-20 10:10:50,122,980,,,ProcessingStatus.PENDING,,,663
5,"Đậu giòn thơm ngon, date xa, giao hàng tương đối nhanh trong mùa dịch, đóng gói kỹ , hài lòng , nên mua",2021-08-16 21:02:28,122,981,,,ProcessingStatus.PENDING,,,664
5,"mua về nhâm nhi mấy ngày tết thì thấy đậu phộng ngon, béo",2021-02-08 21:01:32,122,982,,,ProcessingStatus.PENDING,,,665
5,Ok,2021-11-30 18:27:53,122,986,,,ProcessingStatus.PENDING,,,666
5,"Ngon miễn chê, vị đậm ngọt vừa đủ.",2022-08-14 21:25:15,123,140,,,ProcessingStatus.PENDING,,,667
5,"Sản phẩm ngon, được đóng gói cẩn thận, hsd đến 2022. Ăn kiêng hoặc cho bé ăn vặt đều ok.",2021-05-31 11:36:08,123,989,,,ProcessingStatus.PENDING,,,668
5,"gói hộp cẩn thận, giao hàng đúng hẹn, hủ đựng có niêm giấy thiếc sạch sẽ",2020-12-30 18:05:08,123,990,,,ProcessingStatus.PENDING,,,669
5,được,2022-05-10 20:51:19,123,991,,,ProcessingStatus.PENDING,,,670
5,Sản phẩm mới ngon date xa cho shop 5 sao,2022-09-16 21:21:15,123,992,,,ProcessingStatus.PENDING,,,671
5,Ngon nha mua lần 2 rồi,2021-09-12 18:01:53,123,535,,,ProcessingStatus.PENDING,,,672
5,okie,2021-08-03 15:01:54,123,451,,,ProcessingStatus.PENDING,,,673
5,Sản phẩm ngon  chỉ là hơi ít rong biển,2021-08-17 20:36:26,123,997,,,ProcessingStatus.PENDING,,,674
5,đóg gói cẩn thận. gh nhanh. mua lần 2,2021-06-09 20:50:07,123,998,,,ProcessingStatus.PENDING,,,675
5,"Giao hàng nhanh, sản phẩm ăn thấy vừa miệng",2021-05-01 16:01:48,123,999,,,ProcessingStatus.PENDING,,,676
5,ngon thơm.. giòn  .  ngon hơn mong đợi,2021-05-04 19:40:56,123,1000,,,ProcessingStatus.PENDING,,,677
5,"Ngon, date xa, mua về ăn tết quá chuẩn!",2024-01-21 00:03:15,124,177,,,ProcessingStatus.PENDING,,,678
5,"cà thiều ăn ngon, *** khui bằng nhôm ở trong nên kính khí nên không có mùi tanh.",2022-06-08 15:59:41,124,323,,,ProcessingStatus.PENDING,,,679
5,"ăn cũng ngon, ship nhanh, mới sản xuất nên hạn còn gần 1 năm",2021-12-05 10:59:39,124,1003,,,ProcessingStatus.PENDING,,,680
5,"Sản phẩm rất ngon, mọi người nên mua😋",2022-07-28 11:28:02,124,670,,,ProcessingStatus.PENDING,,,681
5,Ngon,2022-11-28 13:29:32,124,1005,,,ProcessingStatus.PENDING,,,682
5,Ngon lắm mà hơi ít,2021-10-15 06:52:32,124,492,,,ProcessingStatus.PENDING,,,683
5,ngon và ngọt,2021-08-07 08:33:40,124,1007,,,ProcessingStatus.PENDING,,,684
5,ngon,2021-08-15 16:59:33,124,1008,,,ProcessingStatus.PENDING,,,685
4,"đóng gói cần thận, chuẩn bị hàng nhanh. khô hơi cứng và mùi cá thiều mạnh quá nên mình ko thích lắm",2021-12-10 19:36:21,124,1012,,,ProcessingStatus.PENDING,,,686
2,đóng gói ẩu. nắp hộp bị bung. như lấy hàng trưng bày bán. trên nắp còn bụi và *** thằn lằn. kinh dị,2021-12-28 19:37:08,124,1013,,,ProcessingStatus.PENDING,,,687
1,chỉ giao 1 hũ ...sản phẩm không đúng hình,2021-12-03 08:05:00,124,1014,,,ProcessingStatus.PENDING,,,688
4,Ngon,2021-07-17 13:51:23,124,731,,,ProcessingStatus.PENDING,,,689
4,ngon nhưng hơi ít ạ. Mua về ăn vặt thì cũng ổn lắm ạ,2021-08-15 10:42:25,124,1015,,,ProcessingStatus.PENDING,,,690
5,Đóng gói kỹ hàng không nát,2023-10-20 17:34:14,129,1017,,,ProcessingStatus.PENDING,,,691
5,Hài lòng chất lượng,2020-07-26 14:20:01,129,1018,,,ProcessingStatus.PENDING,,,692
5,ok,2020-09-17 14:44:31,129,1019,,,ProcessingStatus.PENDING,,,693
2,K giống hình.... hạt đen mốc nhiều,2021-05-21 10:44:22,129,1022,,,ProcessingStatus.PENDING,,,694
5,Chưa mở ra ăn nhưng đóng gói có vẻ ổn,2023-05-21 08:33:58,130,406,,,ProcessingStatus.PENDING,,,695
5,Ngon . Mà hậu chua nhiều,2023-06-16 21:58:40,130,978,,,ProcessingStatus.PENDING,,,696
4,Cũng dk,2023-05-01 10:16:03,130,1029,,,ProcessingStatus.PENDING,,,697
5,"Da cá hồi cũng rất ngon. Hihi, sẽ quay lại đặt khi dùng hết.",2021-07-24 11:34:09,131,390,,,ProcessingStatus.PENDING,,,698
5,Ngon hết trong vòng 1 nốt nhạc,2021-08-10 17:21:23,131,596,,,ProcessingStatus.PENDING,,,699
5,Qua ngon,2021-08-25 22:52:33,131,1037,,,ProcessingStatus.PENDING,,,700
3,"Da cá lắc ăn không được ngon cho lắm, vị cá với hột vịt muối không rõ ràng.",2022-06-08 19:22:00,131,323,,,ProcessingStatus.PENDING,,,701
1,Giao hàng chậm hơn 1 tháng k còn ngon gì nữa,2021-10-05 11:41:56,131,1039,,,ProcessingStatus.PENDING,,,702
1,ăn không được vì hôi dầu.,2021-11-06 20:18:03,131,1040,,,ProcessingStatus.PENDING,,,703
3,"Da cá bị gắt dầu, vị không ngon",2021-08-20 19:55:01,131,1041,,,ProcessingStatus.PENDING,,,704
4,Ăn ko đặm vị,2021-11-17 20:06:39,131,836,,,ProcessingStatus.PENDING,,,705
5,Shop đóng gói cẩn thận. Khô gà ngon. Vị hơi mặn. Rất hài lòng vì trong túi không có nhiều ớt. Đóng túi zip dùng rất tiện lợi,2021-10-17 20:03:47,132,1044,,,ProcessingStatus.PENDING,,,706
5,"Khô gà ngon lắm
Ai cũng thích",2021-11-07 07:55:32,132,1045,,,ProcessingStatus.PENDING,,,707
5,"Khô gà thấm vị, dai giòn vừa phải, gia vị rất vừa vặn, giao hàng nhanh và thân thiện. Mình mua 1 lần để tặng rồi, hôm nay mua lại thôi.",2021-07-07 05:59:34,132,1047,,,ProcessingStatus.PENDING,,,708
5,"hàng ngon, giao nhanh, rất thích tiki về việc giao nhanh và hỗ trợ khách trong các vấn đề dịch vụ tốt. thanks shop và tiki",2021-10-13 12:51:36,132,1048,,,ProcessingStatus.PENDING,,,709
5,"Giao hàng nhanh, giá hợp túi tiền, tuy chưa sử dụng, nhưng nhìn chung thấy sản phẩm tốt, sẽ ủng hộ shop dài lâu.",2021-02-23 09:41:25,132,265,,,ProcessingStatus.PENDING,,,710
5,"Giao đúng đủ số lượng, giao hành nhanh, đóng gói cẩn thận, hài lòng về chất lượng sản phẩm",2021-06-12 13:30:15,132,1049,,,ProcessingStatus.PENDING,,,711
5,"giao rất nhanh. Sợi gà to, ko vụn. Lần thứ 2 mua tại shop, vẫn rất hài lòng.",2021-11-04 18:59:26,132,671,,,ProcessingStatus.PENDING,,,712
5,"sản phẩm đóng gói cẩn thận, nhìn sạch và an toàn. Rất cám ơn shop.",2021-09-07 19:06:35,132,1050,,,ProcessingStatus.PENDING,,,713
5,Gà ngon chất lượng ok. Mà gà bị vón thành cục hơi nhiều. Nói chung ổn,2021-08-14 17:42:24,132,1051,,,ProcessingStatus.PENDING,,,714
5,"Lần này quá cay vì ớt nát nhừ , ráng ăn chảy nước mắt ăn ko nổi luôn
Mua 6 bịch giờ có đổi lại 5 bịch nguyên đc ko shop",2021-08-07 08:13:16,132,1052,,,ProcessingStatus.PENDING,,,715
5,"giao đúng, đủ sp, chưa sd nên chưa biết chất lượng!!!",2021-06-13 23:01:48,132,1053,,,ProcessingStatus.PENDING,,,716
5,"Sản phẩm quá ngọt, ngọt như ăn đường luôn chứ ko phải ăn gà, không có tí vị cay hay thơm nào. Không mua lại lần sau",2021-03-04 12:41:52,132,1054,,,ProcessingStatus.PENDING,,,717
5,"ngon xuất sắc, ủng hộ shop",2021-08-16 10:07:04,132,1055,,,ProcessingStatus.PENDING,,,718
5,"ngon, ít cay",2023-02-22 10:01:39,132,1056,,,ProcessingStatus.PENDING,,,719
5,giao nhanh,2021-10-30 15:14:25,132,1057,,,ProcessingStatus.PENDING,,,720
5,ok nha các bạn nên mua,2021-06-27 16:15:15,132,1058,,,ProcessingStatus.PENDING,,,721
5,"Khô gà lá chanh vừa ăn  và rất ngon, rất thích. Rất hài lòng",2021-10-23 11:20:50,132,1059,,,ProcessingStatus.PENDING,,,722
5,Ok,2022-11-25 12:39:38,132,1060,,,ProcessingStatus.PENDING,,,723
5,"Ngon, giòn.
Ăn hết quên chụp lại hình.",2023-07-09 10:37:37,133,11,,,ProcessingStatus.PENDING,,,724
5,Đậu giòn ngon.,2024-01-11 14:55:54,133,132,,,ProcessingStatus.PENDING,,,725
5,Sản phẩm ngon . Đậu phộng giòn và gia vị vừa ăn,2021-08-15 12:33:04,133,1061,,,ProcessingStatus.PENDING,,,726
5,Sản phẩm chất lượng…. Giao hàng tốc độ.,2021-08-19 15:56:26,133,1062,,,ProcessingStatus.PENDING,,,727
5,Món này nhậu được 🤪🤪🤪🤪🤪,2021-08-02 15:55:03,133,962,,,ProcessingStatus.PENDING,,,728
5,Chất lượng rất tốt. Hàng giao đúng hẹn!,2022-07-26 21:44:28,133,285,,,ProcessingStatus.PENDING,,,729
5,"uy tín, đáng tin 
hẹn lần sau",2022-01-24 11:23:54,133,579,,,ProcessingStatus.PENDING,,,730
5,ngon. ăn ko hoặc ăn kèm với món khác cũng oke,2021-07-24 13:51:54,133,702,,,ProcessingStatus.PENDING,,,731
5,"Ngon, sản phẩm giao nhanh.",2021-11-23 12:42:30,133,178,,,ProcessingStatus.PENDING,,,732
5,Hàng ngon có mỗi đậu phộnh,2021-07-17 10:27:15,133,830,,,ProcessingStatus.PENDING,,,733
5,Sp giống mo tả. Good,2021-09-15 15:45:02,133,1064,,,ProcessingStatus.PENDING,,,734
5,ngon miệng,2021-07-25 06:22:48,133,1066,,,ProcessingStatus.PENDING,,,735
5,Đã thưởng thức loại hạt đắt đỏ này. Đây là loại có giá trung bình nên mình nghĩ chất lượng cũng tương ứng. Ai có đk muốn ăn loại ngon hơn thì chi tiền nhiều hơn. Loại này ăn cũng ổn. Mỗi tội ăn được ít mà vỏ nhiều quá,2024-01-14 20:43:22,141,140,,,ProcessingStatus.PENDING,,,736
5,"Hạt dẻ ngon, chất lượng tốt. mọi người nên mua nhé",2021-12-16 11:42:30,141,1067,,,ProcessingStatus.PENDING,,,737
5,"Hạt dẻ rất ngon, lại rẻ, emart bán 500k/kg",2022-12-27 19:25:31,141,1068,,,ProcessingStatus.PENDING,,,738
1,"Đã nhận được hàng, vô cùng thất vọng, đúng chất bán hàng *** đảo.

+Thứ nhất: ghi combo 1kg, tức là 1 hủ 500gr, thực tế là 400gr (còn lấy viết lông dầu tô đen cái số 4 nữa chứ),,gian xảo.

+Thứ 2: NSX và HSD đều được viết bằng bút lông dầu, tức là không biết sản phẩm này sản xuất hồi nào, có phải hàng quá hạn hay không? Thương hiệu chính hãng gì mà bán hàng không bằng 1 người bán hàng rong ngoài chợ.

Tiki mà cứ để mấy gian hàng này tồn tại là cái tên Tiki sớm muộn gì cũng bị bẩn theo cách bán hàng *** này.

Quá ưng là THẤT VỌNG",2023-04-05 10:13:06,141,1073,,,ProcessingStatus.PENDING,,,739
5,"ăn ngon, làm quà cũng được",2021-12-05 13:09:02,141,1074,,,ProcessingStatus.PENDING,,,740
5,"ngon , rẻ",2022-03-19 17:36:48,141,1075,,,ProcessingStatus.PENDING,,,741
5,good job 👍,2022-01-22 15:08:29,141,152,,,ProcessingStatus.PENDING,,,742
5,"Ngon, rang vừa miệng",2021-07-29 10:48:45,149,890,,,ProcessingStatus.PENDING,,,743
3,Vị ngọt khó ăn với cơm/bánh mì (để nhậu thì ngon nhưng hao),2023-09-03 16:26:26,149,1081,,,ProcessingStatus.PENDING,,,744
5,"Khô cá rất mềm và ăn cực kỳ ngon, mình rất thích hương vị này. Chấm với tương ớt càng tuyệt hảo hơn nữa.",2021-10-26 14:00:33,142,665,,,ProcessingStatus.PENDING,,,745
5,"Khô rất rất ngon luôn, ngọt thơm và nhiều tiêu nên dùng để ăn vặt rất hợp, mình cảm thấy khô được ướp vừa ăn nên ko dùng tương ớt tặng kèm",2022-08-04 15:06:58,142,1084,,,ProcessingStatus.PENDING,,,746
5,"khô cá thiều thơm, ngon, tẩm vừa miêng. hạn sử dụng rõ ràng, đóng gói cẩn thận.  điểm trừ ở 1 vài miếng có dính cả hột hạt tiêu nên khà là canh . tương ớt đi kèm mặn và cay.",2022-04-13 11:12:34,142,1085,,,ProcessingStatus.PENDING,,,747
5,"Ngon , chất lượng cao . Không mặn , vừa khẩu vị. Đóng gói cẩn thận, bao bì đẹp mắt",2021-10-08 20:28:28,142,1086,,,ProcessingStatus.PENDING,,,748
5,"Hương vị thơm ngon , nên mua nhé mn",2024-03-12 18:28:51,142,786,,,ProcessingStatus.PENDING,,,749
5,Ngon neh hihi ma ăn it qua chua ăn het nưa :)),2021-08-18 21:32:30,142,230,,,ProcessingStatus.PENDING,,,750
5,"Hangddung nhu quang cao, chat luong ok",2022-12-27 18:45:00,142,1088,,,ProcessingStatus.PENDING,,,751
5,"Đóng gói hàng cẩn thận, nhân viên giao hàng vui vẻ ,  khô ngon như mong đợi",2022-10-05 08:24:02,142,667,,,ProcessingStatus.PENDING,,,752
5,Ok,2022-08-12 19:03:21,142,326,,,ProcessingStatus.PENDING,,,753
5,Good,2023-05-16 09:12:01,142,1090,,,ProcessingStatus.PENDING,,,754
5,quá tệ chỉ có nữa hôp thôi,2022-10-04 10:31:16,142,561,,,ProcessingStatus.PENDING,,,755
5,nhận hàng ok.đóng gói kĩ chưa dùng nên.chưa biet ngon kg,2021-08-19 16:38:32,143,1094,,,ProcessingStatus.PENDING,,,756
5,"Sản phẩm ăn rất ngon, thơm, sợi chà bông mềm phù hợp cho trẻ nhỏ, giá cả hợp lý, giao nhanh",2021-09-02 21:27:35,143,1095,,,ProcessingStatus.PENDING,,,757
5,ngon. ko quá mặn. săn sale nên đc giá tốt. sẽ ủng hộ tiếp,2021-08-28 17:43:54,143,1096,,,ProcessingStatus.PENDING,,,758
5,Ok ngon,2022-07-28 13:18:02,143,1097,,,ProcessingStatus.PENDING,,,759
5,"Giao hàng nhanh, sản phẩm chất lượng, đúng giá tiền",2021-08-08 17:05:37,143,1098,,,ProcessingStatus.PENDING,,,760
5,"rất ngon, ăn ghiền.",2021-07-27 21:05:13,143,1099,,,ProcessingStatus.PENDING,,,761
5,ngon,2020-08-17 12:38:47,143,1106,,,ProcessingStatus.PENDING,,,762
1,"mô tả chà bông cay nhưng ko cay chút nào hết, chà bông ăn cảm giác bột, giá đắt so với chất lượng",2021-07-01 16:39:37,143,1107,,,ProcessingStatus.PENDING,,,763
4,Hấp dẫn,2021-08-06 18:28:20,143,1108,,,ProcessingStatus.PENDING,,,764
5,"Vừa ăn, đúng khô làm = thịt bò, cay vừa dễ ăn, cân nặng đủ. Nên mua nhé,",2023-11-28 20:48:45,144,1111,,,ProcessingStatus.PENDING,,,765
5,"Giao hàng cực nhanh, sản phẩm giống quản cáo, hình ảnh",2023-08-16 18:56:56,144,1112,,,ProcessingStatus.PENDING,,,766
5,"thịt ngon và giao hàng khá nhanh, giá cả thì hợp lý nên không có gì để chê cả, lần sau sẽ mua tiếp nha",2022-03-16 22:44:31,144,1113,,,ProcessingStatus.PENDING,,,767
5,Ăn cũng ngon. Mà mỗi tội cay quá huhu. Chắc do mình ăn cay kém. Sẽ ủng hộ tiếp vì ngon.,2022-01-29 00:19:55,144,1114,,,ProcessingStatus.PENDING,,,768
5,"Giá tốt 1xx à, giao hàng đóng gói nhanh loại mềm cay vừa phải, tết mua về là ngon lành cành đào",2021-11-23 17:28:22,144,1115,,,ProcessingStatus.PENDING,,,769
5,hàng ngon chất lượng giao hàng nhanh . giá cả hợp lí có nhìu loại mặc hàng shop 5 sao,2021-12-21 15:47:16,144,1116,,,ProcessingStatus.PENDING,,,770
5,"sản phẩm ok, chất lượng ổn",2022-03-08 18:29:34,144,1118,,,ProcessingStatus.PENDING,,,771
5,Khổ bò ngon,2022-02-12 17:15:06,144,2,,,ProcessingStatus.PENDING,,,772
5,ngon,2022-01-11 22:38:09,144,1122,,,ProcessingStatus.PENDING,,,773
5,"ngon, đã mua thêm",2021-08-20 21:34:27,144,1125,,,ProcessingStatus.PENDING,,,774
5,Ngon,2021-10-18 17:26:11,144,1126,,,ProcessingStatus.PENDING,,,775
4,mình chưa ăn lên chưa biết ra sao. tạm đánh giá 4 sao ạ,2021-02-09 11:02:05,146,1128,,,ProcessingStatus.PENDING,,,776
1,"Macca bị hôi dầu, ko giòn",2021-07-05 21:56:41,146,1130,,,ProcessingStatus.PENDING,,,777
5,Lần đầu tiên em mua 1k đậu phộng tỏi ớt không biết như thế nào phải thử mới biết hương vị em cảm ơn tiki và shop rất nhiều ạ,2023-04-14 11:22:44,147,1131,,,ProcessingStatus.PENDING,,,778
5,"Đã mua thấy ok. Mua lại, mà Lần trước mua đóng gói cẩn thận k bị móp hay bung lần này thì ngược lại ạ. K cẩn thận. Đậu k được đầy như trước. Những vẫn ủng hộ",2023-02-18 00:17:34,147,16,,,ProcessingStatus.PENDING,,,779
5,Hàng đúng chất lượng như hình,2022-12-28 16:47:56,147,445,,,ProcessingStatus.PENDING,,,780
5,"Hạt khô, vị vừa miệng, không quá ngọt",2022-11-30 12:14:41,147,1136,,,ProcessingStatus.PENDING,,,781
5,"ngon,ăn với cơm nóng và rau luộc rất ngon",2021-07-13 14:37:26,147,1137,,,ProcessingStatus.PENDING,,,782
5,Ok,2022-01-21 13:14:27,147,1141,,,ProcessingStatus.PENDING,,,783
5,sản phẩm quá ok 10 điểm luôn,2025-09-13 16:39:27,148,1146,,,ProcessingStatus.PENDING,,,784
5,Ok,2025-09-29 19:39:25,148,1147,,,ProcessingStatus.PENDING,,,785
1,Mua 1 lần là quá đủ. Hàng bị tẩy xoá. Hàng này là cái gì không biết nữa. Xin đừng mua,2025-07-29 17:45:40,148,1151,,,ProcessingStatus.PENDING,,,786
4,"Ngon, phù hợp ăn vặt",2024-09-24 08:24:06,153,80,,,ProcessingStatus.PENDING,,,787
